Workbook
Name BIGADD: _xlfn.LAMBDA(_xlpm.a,_xlpm.b,BIGTEXT(BIGNORM(BIGLIMBS(_xlpm.a)+BIGLIMBS(_xlpm.b))))
Name BIGLIMBS: _xlfn.LAMBDA(_xlpm.s,VALUE(MID(REPT("0",42-LEN(_xlpm.s))&_xlpm.s,_xlfn.SEQUENCE(7,,1,6),6)))
Name BIGNORM: _xlfn.LAMBDA(_xlpm.v,_xlfn.REDUCE(_xlpm.v,_xlfn.SEQUENCE(7),_xlfn.LAMBDA(_xlpm.a,_xlpm.k,_xlfn.LET(_xlpm.c,INT(_xlpm.a/1000000),_xlpm.a-_xlpm.c*1000000+_xlfn.VSTACK(_xlfn.DROP(_xlpm.c,1),0)))))
Name BIGTEXT: _xlfn.LAMBDA(_xlpm.v,_xlfn.LET(_xlpm.t,_xlfn.TEXTJOIN("",,TEXT(_xlpm.v,"000000")),MID(_xlpm.t,IFERROR(MATCH(TRUE,INDEX(MID(_xlpm.t,_xlfn.SEQUENCE(42),1)<>"0",0),0),42),50)))
Name SECP256K1_ORDER: 1.15792089237316E+77

Sheet puzzle-all
A1: bits | B1: range_min | C1: range_max | D1: address | E1: btc_value (BTC) | F1: hash160_compressed | G1: public_key | H1: private_key
A2: 1 | B2: 1 | C2: 1 | D2: 1BgGZ9tcN4rm9KBzDn7KprQz87SZ26SAMH | E2: 0.001 | F2: 751e76e8199196d454941c45d1b3a323f1433bd6 | G2: 0279be667ef9dcbbac55a06295ce870b07029bfcdb2dce28d959f2815b16f81798 | H2: 0000000000000000000000000000000000000000000000000000000000000001
A3: 2 | B3: 2 | C3: 3 | D3: 1CUNEBjYrCn2y1SdiUMohaKUi4wpP326Lb | E3: 0.002 | F3: 7dd65592d0ab2fe0d0257d571abf032cd9db93dc | G3: 02f9308a019258c31049344f85f89d5229b531c845836f99b08601f113bce036f9 | H3: 0000000000000000000000000000000000000000000000000000000000000003
A4: 3 | B4: 4 | C4: 7 | D4: 19ZewH8Kk1PDbSNdJ97FP4EiCjTRaZMZQA | E4: 0.003 | F4: 5dedfbf9ea599dd4e3ca6a80b333c472fd0b3f69 | G4: 025cbdf0646e5db4eaa398f365f2ea7a0e3d419b7e0330e39ce92bddedcac4f9bc | H4: 0000000000000000000000000000000000000000000000000000000000000007
A5: 4 | B5: 8 | C5: f | D5: 1EhqbyUMvvs7BfL8goY6qcPbD6YKfPqb7e | E5: 0.004 | F5: 9652d86bedf43ad264362e6e6eba6eb764508127 | G5: 022f01e5e15cca351daff3843fb70f3c2f0a1bdd05e5af888a67784ef3e10a2a01 | H5: 0000000000000000000000000000000000000000000000000000000000000008
A6: 5 | B6: 10 | C6: 1f | D6: 1E6NuFjCi27W5zoXg8TRdcSRq84zJeBW3k | E6: 0.005 | F6: 8f9dff39a81ee4abcbad2ad8bafff090415a2be8 | G6: 02352bbf4a4cdd12564f93fa332ce333301d9ad40271f8107181340aef25be59d5 | H6: 0000000000000000000000000000000000000000000000000000000000000015
A7: 6 | B7: 20 | C7: 3f | D7: 1PitScNLyp2HCygzadCh7FveTnfmpPbfp8 | E7: 0.006 | F7: f93ec34e9e34a8f8ff7d600cdad83047b1bcb45c | G7: 03f2dac991cc4ce4b9ea44887e5c7c0bce58c80074ab9d4dbaeb28531b7739f530 | H7: 0000000000000000000000000000000000000000000000000000000000000031
A8: 7 | B8: 40 | C8: 7f | D8: 1McVt1vMtCC7yn5b9wgX1833yCcLXzueeC | E8: 0.007 | F8: e2192e8a7dd8dd1c88321959b477968b941aa973 | G8: 0296516a8f65774275278d0d7420a88df0ac44bd64c7bae07c3fe397c5b3300b23 | H8: 000000000000000000000000000000000000000000000000000000000000004c
A9: 8 | B9: 80 | C9: ff | D9: 1M92tSqNmQLYw33fuBvjmeadirh1ysMBxK | E9: 0.008 | F9: dce76b2613052ea012204404a97b3c25eac31715 | G9: 0308bc89c2f919ed158885c35600844d49890905c79b357322609c45706ce6b514 | H9: 00000000000000000000000000000000000000000000000000000000000000e0
A10: 9 | B10: 100 | C10: 1ff | D10: 1CQFwcjw1dwhtkVWBttNLDtqL7ivBonGPV | E10: 0.009 | F10: 7d0f6c64afb419bbd7e971e943d7404b0e0daab4 | G10: 0243601d61c836387485e9514ab5c8924dd2cfd466af34ac95002727e1659d60f7 | H10: 00000000000000000000000000000000000000000000000000000000000001d3
A11: 10 | B11: 200 | C11: 3ff | D11: 1LeBZP5QCwwgXRtmVUvTVrraqPUokyLHqe | E11: 0.01 | F11: d7729816650e581d7462d52ad6f732da0e2ec93b | G11: 03a7a4c30291ac1db24b4ab00c442aa832f7794b5a0959bec6e8d7fee802289dcd | H11: 0000000000000000000000000000000000000000000000000000000000000202
A12: 11 | B12: 400 | C12: 7ff | D12: 1PgQVLmst3Z314JrQn5TNiys8Hc38TcXJu | E12: 0.011 | F12: f8c698da3164ef8fa4258692d118cc9a902c5acc | G12: 038b05b0603abd75b0c57489e451f811e1afe54a8715045cdf4888333f3ebc6e8b | H12: 0000000000000000000000000000000000000000000000000000000000000483
A13: 12 | B13: 800 | C13: fff | D13: 1DBaumZxUkM4qMQRt2LVWyFJq5kDtSZQot | E13: 0.012 | F13: 85a1f9ba4da24c24e582d9b891dacbd1b043f971 | G13: 038b00fcbfc1a203f44bf123fc7f4c91c10a85c8eae9187f9d22242b4600ce781c | H13: 0000000000000000000000000000000000000000000000000000000000000a7b
... A71: 70 | B71: 200000000000000000 | C71: 3fffffffffffffffff | D71: 19YZECXj3SxEZMoUeJ1yiPsw8xANe7M7QR | E71: 0.7 | F71: 5db8cda53a6a002db10365967d7f85d19e171b10 | G71: 0290e6900a58d33393bc1097b5aed31f2e4e7cbd3e5466af958665bc0121248483 | H71: 0000000000000000000000000000000000000000000000349b84b6431a6c4ef1
A72: 71 | B72: 400000000000000000 | C72: 7fffffffffffffffff | D72: 1PWo3JeB9jrGwfHDNpdGK54CRas7fsVzXU | E72: 7.1 | F72: f6f5431d25bbf7b12e8add9af5e3475c44a0a5b8
A73: 72 | B73: 800000000000000000 | C73: ffffffffffffffffff | D73: 1JTK7s9YVYywfm5XUH7RNhHJH1LshCaRFR | E73: 7.2 | F73: bf7413e8df4e7a34ce9dc13e2f2648783ec54adb
A74: 73 | B74: 1000000000000000000 | C74: 1ffffffffffffffffff | D74: 12VVRNPi4SJqUTsp6FmqDqY5sGosDtysn4 | E74: 7.3 | F74: 105b7f253f0ebd7843adaebbd805c944bfb863e4
A75: 74 | B75: 2000000000000000000 | C75: 3ffffffffffffffffff | D75: 1FWGcVDK3JGzCC3WtkYetULPszMaK2Jksv | E75: 7.4 | F75: 9f1adb20baeacc38b3f49f3df6906a0e48f2df3d
A76: 75 | B76: 4000000000000000000 | C76: 7ffffffffffffffffff | D76: 1J36UjUByGroXcCvmj13U6uwaVv9caEeAt | E76: 0.75 | F76: badf8b0d34289e679ec65c6c61d3a974353be5cf | G76: 03726b574f193e374686d8e12bc6e4142adeb06770e0a2856f5e4ad89f66044755 | H76: 0000000000000000000000000000000000000000000004c5ce114686a1336e07
A77: 76 | B77: 8000000000000000000 | C77: fffffffffffffffffff | D77: 1DJh2eHFYQfACPmrvpyWc8MSTYKh7w9eRF | E77: 7.6 | F77: 86f9fea5cdecf033161dd2f8f8560768ae0a6d14
A78: 77 | B78: 10000000000000000000 | C78: 1fffffffffffffffffff | D78: 1Bxk4CQdqL9p22JEtDfdXMsng1XacifUtE | E78: 7.7 | F78: 783c138ac81f6a52398564bb17455576e8525b29
A79: 78 | B79: 20000000000000000000 | C79: 3fffffffffffffffffff | D79: 15qF6X51huDjqTmF9BJgxXdt1xcj46Jmhb | E79: 7.8 | F79: 35003c3ef8759c92092f8488fca59a042859018c
A80: 79 | B80: 40000000000000000000 | C80: 7fffffffffffffffffff | D80: 1ARk8HWJMn8js8tQmGUJeQHjSE7KRkn2t8 | E80: 7.9 | F80: 67671d5490c272e3ab7ddd34030d587738df33da
A81: 80 | B81: 80000000000000000000 | C81: ffffffffffffffffffff | D81: 1BCf6rHUW6m3iH2ptsvnjgLruAiPQQepLe | E81: 0.8 | F81: 6fe5a36eef0684af0b91f3b6cfc972d68c4f6fab | G81: 037e1238f7b1ce757df94faa9a2eb261bf0aeb9f84dbf81212104e78931c2a19dc | H81: 00000000000000000000000000000000000000000000ea1a5c66dcc11b5ad180
A82: 81 | B82: 100000000000000000000 | C82: 1ffffffffffffffffffff | D82: 15qsCm78whspNQFydGJQk5rexzxTQopnHZ | E82: 8.1 | F82: 351e605fac813965951ba433b7c2956bf8ad95ce
A83: 82 | B83: 200000000000000000000 | C83: 3ffffffffffffffffffff | D83: 13zYrYhhJxp6Ui1VV7pqa5WDhNWM45ARAC | E83: 8.2 | F83: 20d28d4e87543947c7e4913bcdceaa16e2f8f061
A84: 83 | B84: 400000000000000000000 | C84: 7ffffffffffffffffffff | D84: 14MdEb4eFcT3MVG5sPFG4jGLuHJSnt1Dk2 | E84: 8.3 | F84: 24cef184714bbd030833904f5265c9c3e12a95a2
A85: 84 | B85: 800000000000000000000 | C85: fffffffffffffffffffff | D85: 1CMq3SvFcVEcpLMuuH8PUcNiqsK1oicG2D | E85: 8.4 | F85: 7c99ce73e19f9fbfcce4825ae88261e2b0b0b040
A86: 85 | B86: 1000000000000000000000 | C86: 1fffffffffffffffffffff | D86: 1Kh22PvXERd2xpTQk3ur6pPEqFeckCJfAr | E86: 0.85 | F86: cd03c1e6268ce9b89e3c3eeab8d0f1b6e8cac281 | G86: 0329c4574a4fd8c810b7e42a4b398882b381bcd85e40c6883712912d167c83e73a | H86: 00000000000000000000000000000000000000000011720c4f018d51b8cebba8
A87: 86 | B87: 2000000000000000000000 | C87: 3fffffffffffffffffffff | D87: 1K3x5L6G57Y494fDqBfrojD28UJv4s5JcK | E87: 8.6 | F87: c60111ed3d63b49665747b0e31eb382da5193535
A88: 87 | B88: 4000000000000000000000 | C88: 7fffffffffffffffffffff | D88: 1PxH3K1Shdjb7gSEoTX7UPDZ6SH4qGPrvq | E88: 8.7 | F88: fbc708d671c03e26661b9c08f77598a529858b5e
A89: 88 | B89: 8000000000000000000000 | C89: ffffffffffffffffffffff | D89: 16AbnZjZZipwHMkYKBSfswGWKDmXHjEpSf | E89: 8.8 | F89: 38a968fdfb457654c51bcfc4f9174d6ee487bb41
A90: 89 | B90: 10000000000000000000000 | C90: 1ffffffffffffffffffffff | D90: 19QciEHbGVNY4hrhfKXmcBBCrJSBZ6TaVt | E90: 8.9 | F90: 5c3862203d1e44ab3af441503e22db97b1c5097e
A91: 90 | B91: 20000000000000000000000 | C91: 3ffffffffffffffffffffff | D91: 1L12FHH2FHjvTviyanuiFVfmzCy46RRATU | E91: 0.9 | F91: d06b6e206691295ec345782d7ea0686969d8674b | G91: 035c38bd9ae4b10e8a250857006f3cfd98ab15a6196d9f4dfd25bc7ecc77d788d5 | H91: 000000000000000000000000000000000000000002ce00bb2136a445c71e85bf
A92: 91 | B92: 40000000000000000000000 | C92: 7ffffffffffffffffffffff | D92: 1EzVHtmbN4fs4MiNk3ppEnKKhsmXYJ4s74 | E92: 9.1 | F92: 9978f61b92d16c5f1a463a0995df70da1f7a7d2a
A93: 92 | B93: 80000000000000000000000 | C93: fffffffffffffffffffffff | D93: 1AE8NzzgKE7Yhz7BWtAcAAxiFMbPo82NB5 | E93: 9.2 | F93: 6534b31208fe6e100d29f9c9c75aac8bf06fbb38
A94: 93 | B94: 100000000000000000000000 | C94: 1fffffffffffffffffffffff | D94: 17Q7tuG2JwFFU9rXVj3uZqRtioH3mx2Jad | E94: 9.3 | F94: 463013cd41279f2fd0c31d0a16db3972bfffac8d
A95: 94 | B95: 200000000000000000000000 | C95: 3fffffffffffffffffffffff | D95: 1K6xGMUbs6ZTXBnhw1pippqwK6wjBWtNpL | E95: 9.4 | F95: c6927a00970d0165327d0a6db7950f05720c295c
A96: 95 | B96: 400000000000000000000000 | C96: 7fffffffffffffffffffffff | D96: 19eVSDuizydXxhohGh8Ki9WY9KsHdSwoQC | E96: 0.95 | F96: 5ed822125365274262191d2b77e88d436dd56d88 | G96: 02967a5905d6f3b420959a02789f96ab4c3223a2c4d2762f817b7895c5bc88a045 | H96: 0000000000000000000000000000000000000000527a792b183c7f64a0e8b1f4
A97: 96 | B97: 800000000000000000000000 | C97: ffffffffffffffffffffffff | D97: 15ANYzzCp5BFHcCnVFzXqyibpzgPLWaD8b | E97: 9.6 | F97: 2da63cbd251d23c7b633cb287c09e6cf888b3fe4
A98: 97 | B98: 1000000000000000000000000 | C98: 1ffffffffffffffffffffffff | D98: 18ywPwj39nGjqBrQJSzZVq2izR12MDpDr8 | E98: 9.7 | F98: 578d94dc6f40fff35f91f6fba9b71c46b361dff2
A99: 98 | B99: 2000000000000000000000000 | C99: 3ffffffffffffffffffffffff | D99: 1CaBVPrwUxbQYYswu32w7Mj4HR4maNoJSX | E99: 9.8 | F99: 7eefddd979a1d6bb6f29757a1f463579770ba566
A100: 99 | B100: 4000000000000000000000000 | C100: 7ffffffffffffffffffffffff | D100: 1JWnE6p6UN7ZJBN7TtcbNDoRcjFtuDWoNL | E100: 9.9 | F100: c01bf430a97cbcdaedddba87ef4ea21c456cebdb
A101: 100 | B101: 8000000000000000000000000 | C101: fffffffffffffffffffffffff | D101: 1KCgMv8fo2TPBpddVi9jqmMmcne9uSNJ5F | E101: 1 | F101: c7a7b23f6bd98b8aaf527beb724dda9460b1bc6e | G101: 03d2063d40402f030d4cc71331468827aa41a8a09bd6fd801ba77fb64f8e67e617 | H101: 000000000000000000000000000000000000000af55fc59c335c8ec67ed24826
A102: 101 | B102: 10000000000000000000000000 | C102: 1fffffffffffffffffffffffff | D102: 1CKCVdbDJasYmhswB6HKZHEAnNaDpK7W4n | E102: 10.1 | F102: 7c1a77205c03b9909663b2034faa0b544e6bc96b
A103: 102 | B103: 20000000000000000000000000 | C103: 3fffffffffffffffffffffffff | D103: 1PXv28YxmYMaB8zxrKeZBW8dt2HK7RkRPX | E103: 10.2 | F103: f72b812932f6d7102233971d65cec0a22b89e136
A104: 103 | B104: 40000000000000000000000000 | C104: 7fffffffffffffffffffffffff | D104: 1AcAmB6jmtU6AiEcXkmiNE9TNVPsj9DULf | E104: 10.3 | F104: 695fd6dcf33f47166b25de968b2932b351b0afc4
A105: 104 | B105: 80000000000000000000000000 | C105: ffffffffffffffffffffffffff | D105: 1EQJvpsmhazYCcKX5Au6AZmZKRnzarMVZu | E105: 10.4 | F105: 93022af9a38f3ebb0c3f15dd1c83f8fadaf64e74
A106: 105 | B106: 100000000000000000000000000 | C106: 1ffffffffffffffffffffffffff | D106: 1CMjscKB3QW7SDyQ4c3C3DEUHiHRhiZVib | E106: 1.05 | F106: 7c957db6fdd0733bb83bc6d6d747711263ba50b0 | G106: 03bcf7ce887ffca5e62c9cabbdb7ffa71dc183c52c04ff4ee5ee82e0c55c39d77b | H106: 000000000000000000000000000000000000016f14fc2054cd87ee6396b33df3
A107: 106 | B107: 200000000000000000000000000 | C107: 3ffffffffffffffffffffffffff | D107: 18KsfuHuzQaBTNLASyj15hy4LuqPUo1FNB | E107: 10.6 | F107: 505aaa63a5e209dfb90cee683a8e227a8c278e47
A108: 107 | B108: 400000000000000000000000000 | C108: 7ffffffffffffffffffffffffff | D108: 15EJFC5ZTs9nhsdvSUeBXjLAuYq3SWaxTc | E108: 10.7 | F108: 2e644e46b042ffa86da35c54d7275f1abe6d4911
A109: 108 | B109: 800000000000000000000000000 | C109: fffffffffffffffffffffffffff | D109: 1HB1iKUqeffnVsvQsbpC6dNi1XKbyNuqao | E109: 10.8 | F109: b166c44f12c7fc565f37ff6288ee64e0f0ec9a0b
A110: 109 | B110: 1000000000000000000000000000 | C110: 1fffffffffffffffffffffffffff | D110: 1GvgAXVCbA8FBjXfWiAms4ytFeJcKsoyhL | E110: 10.9 | F110: aeb0a0197442d4ade8ef41442d557b0e22b85ac0
A111: 110 | B111: 2000000000000000000000000000 | C111: 3fffffffffffffffffffffffffff | D111: 12JzYkkN76xkwvcPT6AWKZtGX6w2LAgsJg | E111: 1.1 | F111: 0e5f3c406397442996825fd395543514fd06f207 | G111: 0309976ba5570966bf889196b7fdf5a0f9a1e9ab340556ec29f8bb60599616167d | H111: 00000000000000000000000000000000000035c0d7234df7deb0f20cf7062444
A112: 111 | B112: 4000000000000000000000000000 | C112: 7fffffffffffffffffffffffffff | D112: 1824ZJQ7nKJ9QFTRBqn7z7dHV5EGpzUpH3 | E112: 11.1 | F112: 4cfc43fe12a330c8164251e38c0c0c3c84cf86f6
A113: 112 | B113: 8000000000000000000000000000 | C113: ffffffffffffffffffffffffffff | D113: 18A7NA9FTsnJxWgkoFfPAFbQzuQxpRtCos | E113: 11.2 | F113: 4e81efec43c5195aeca0e3877664330418b8e48e
A114: 113 | B114: 10000000000000000000000000000 | C114: 1ffffffffffffffffffffffffffff | D114: 1NeGn21dUDDeqFQ63xb2SpgUuXuBLA4WT4 | E114: 11.3 | F114: ed673389e4b12925316f9166d56d701829e53cf8
A115: 114 | B115: 20000000000000000000000000000 | C115: 3ffffffffffffffffffffffffffff | D115: 174SNxfqpdMGYy5YQcfLbSTK3MRNZEePoy | E115: 11.4 | F115: 42773005f9594cd16b10985d428418acb7f352ec
A116: 115 | B116: 40000000000000000000000000000 | C116: 7ffffffffffffffffffffffffffff | D116: 1NLbHuJebVwUZ1XqDjsAyfTRUPwDQbemfv | E116: 1.15 | F116: ea0f2b7576bd098921fce9bfebe37f6383e639a4 | G116: 0248d313b0398d4923cdca73b8cfa6532b91b96703902fc8b32fd438a3b7cd7f55 | H116: 0000000000000000000000000000000000060f4d11574f5deee49961d9609ac6
A117: 116 | B117: 80000000000000000000000000000 | C117: fffffffffffffffffffffffffffff | D117: 1MnJ6hdhvK37VLmqcdEwqC3iFxyWH2PHUV | E117: 11.6 | F117: e3f381c34a20da049779b44cae0417c7fb2898d0
A118: 117 | B118: 100000000000000000000000000000 | C118: 1fffffffffffffffffffffffffffff | D118: 1KNRfGWw7Q9Rmwsc6NT5zsdvEb9M2Wkj5Z | E118: 11.7 | F118: c97f9591e28687be1c4d972e25be7c372a3221b4
A119: 118 | B119: 200000000000000000000000000000 | C119: 3fffffffffffffffffffffffffffff | D119: 1PJZPzvGX19a7twf5HyD2VvNiPdHLzm9F6 | E119: 11.8 | F119: f4a4e1c11a5bbbd2fc139d221825407c66e0b8b4
A120: 119 | B120: 400000000000000000000000000000 | C120: 7fffffffffffffffffffffffffffff | D120: 1GuBBhf61rnvRe4K8zu8vdQB3kHzwFqSy7 | E120: 11.9 | F120: ae6804b35c82f47f8b0a42d8c5e514fe5ef0a883
A121: 120 | B121: 800000000000000000000000000000 | C121: ffffffffffffffffffffffffffffff | D121: 17s2b9ksz5y7abUm92cHwG8jEPCzK3dLnT | E121: 1.2 | F121: 4b46e10a541aeec6be3fac709c256fb7da69308e | G121: 02ceb6cbbcdbdf5ef7150682150f4ce2c6f4807b349827dcdbdd1f2efa885a2630 | H121: 0000000000000000000000000000000000b10f22572c497a836ea187f2e1fc23
A122: 121 | B122: 1000000000000000000000000000000 | C122: 1ffffffffffffffffffffffffffffff | D122: 1GDSuiThEV64c166LUFC9uDcVdGjqkxKyh | E122: 12.1 | F122: a6e4818537e42f7b3f021daa810367dad4dda16f
A123: 122 | B123: 2000000000000000000000000000000 | C123: 3ffffffffffffffffffffffffffffff | D123: 1Me3ASYt5JCTAK2XaC32RMeH34PdprrfDx | E123: 12.2 | F123: e263b62ea294b9650615a13b926e75944c823990
A124: 123 | B124: 4000000000000000000000000000000 | C124: 7ffffffffffffffffffffffffffffff | D124: 1CdufMQL892A69KXgv6UNBD17ywWqYpKut | E124: 12.3 | F124: 7fa4515066ba6905f894b2078f9af7b1379169cf
A125: 124 | B125: 8000000000000000000000000000000 | C125: fffffffffffffffffffffffffffffff | D125: 1BkkGsX9ZM6iwL3zbqs7HWBV7SvosR6m8N | E125: 12.4 | F125: 75f74467ce7214f1767406d5ed12012aa523c48e
A126: 125 | B126: 10000000000000000000000000000000 | C126: 1fffffffffffffffffffffffffffffff | D126: 1PXAyUB8ZoH3WD8n5zoAthYjN15yN5CVq5 | E126: 12.5 | F126: f7079256aa027dc437cbb539f955472416725fc8 | G126: 0233709eb11e0d4439a729f21c2c443dedb727528229713f0065721ba8fa46f00e | H126: 000000000000000000000000000000001c533b6bb7f0804e09960225e44877ac
A127: 126 | B127: 20000000000000000000000000000000 | C127: 3fffffffffffffffffffffffffffffff | D127: 1AWCLZAjKbV1P7AHvaPNCKiB7ZWVDMxFiz | E127: 12.6 | F127: 683ea8a1ef06eada90556017d44323b5c04e00f1
A128: 127 | B128: 40000000000000000000000000000000 | C128: 7fffffffffffffffffffffffffffffff | D128: 1G6EFyBRU86sThN3SSt3GrHu1sA7w7nzi4 | E128: 12.7 | F128: a58708aa98ad35c889bb36d8049bf9e9cacfd02a
A129: 128 | B129: 80000000000000000000000000000000 | C129: ffffffffffffffffffffffffffffffff | D129: 1MZ2L1gFrCtkkn6DnTT2e4PFUTHw9gNwaj | E129: 12.8 | F129: e170ef514689d7230da362a0c121a07723550512
A130: 129 | B130: 100000000000000000000000000000000 | C130: 1ffffffffffffffffffffffffffffffff | D130: 1Hz3uv3nNZzBVMXLGadCucgjiCs5W9vaGz | E130: 12.9 | F130: ba4c2748360a6b66263e11d1dc8658463ca5ff18
A131: 130 | B131: 200000000000000000000000000000000 | C131: 3ffffffffffffffffffffffffffffffff | D131: 1Fo65aKq8s8iquMt6weF1rku1moWVEd5Ua | E131: 13 | F131: a24922852051a9002ebf4c864a55acb75bb4cf75 | G131: 03633cbe3ec02b9401c5effa144c5b4d22f87940259634858fc7e59b1c09937852 | H131: 000000000000000000000000000000033e7665705359f04f28b88cf897c603c9
A132: 131 | B132: 400000000000000000000000000000000 | C132: 7ffffffffffffffffffffffffffffffff | D132: 16zRPnT8znwq42q7XeMkZUhb1bKqgRogyy | E132: 13.1 | F132: 41b4b36a6c036568972380177eca2916cacd71de
A133: 132 | B133: 800000000000000000000000000000000 | C133: fffffffffffffffffffffffffffffffff | D133: 1KrU4dHE5WrW8rhWDsTRjR21r8t3dsrS3R | E133: 13.2 | F133: cecd3ca4319651bd3afd1e23ab66e111ed38d16d
A134: 133 | B134: 1000000000000000000000000000000000 | C134: 1fffffffffffffffffffffffffffffffff | D134: 17uDfp5r4n441xkgLFmhNoSW1KWp6xVLD | E134: 13.3 | F134: 014e15e4ea6da460cc7835e262676baa37988e4f
A135: 134 | B135: 2000000000000000000000000000000000 | C135: 3fffffffffffffffffffffffffffffffff | D135: 13A3JrvXmvg5w9XGvyyR4JEJqiLz8ZySY3 | E135: 13.4 | F135: 17a5ebfaf62e73f149e33ba674836801f13a80b9
A136: 135 | B136: 4000000000000000000000000000000000 | C136: 7fffffffffffffffffffffffffffffffff | D136: 16RGFo6hjq9ym6Pj7N5H7L1NR1rVPJyw2v | E136: 13.5 | F136: 3b6f58a75a54bfd85d1bc6c51180fdc732992326 | G136: 02145d2611c823a396ef6712ce0f712f09b9b4f3135e3e0aa3230fb9b6d08d1e16 | H136: 0000000000000000000000000000006d9392a16883f90903d5f78da57af07eb2
A137: 136 | B137: 8000000000000000000000000000000000 | C137: ffffffffffffffffffffffffffffffffff | D137: 1UDHPdovvR985NrWSkdWQDEQ1xuRiTALq | E137: 13.6 | F137: 05257be4b57ee43fc09762d5d3a9ad4a6e1a0364
A138: 137 | B138: 10000000000000000000000000000000000 | C138: 1ffffffffffffffffffffffffffffffffff | D138: 15nf31J46iLuK1ZkTnqHo7WgN5cARFK3RA | E138: 13.7 | F138: 3482f8986e13c018692053a784481c63a3554c9c
A139: 138 | B139: 20000000000000000000000000000000000 | C139: 3ffffffffffffffffffffffffffffffffff | D139: 1Ab4vzG6wEQBDNQM1B2bvUz4fqXXdFk2WT | E139: 13.8 | F139: 692a8e583866fc9056f5c61a45969fb9d868a08c
A140: 139 | B140: 40000000000000000000000000000000000 | C140: 7ffffffffffffffffffffffffffffffffff | D140: 1Fz63c775VV9fNyj25d9Xfw3YHE6sKCxbt | E140: 13.9 | F140: a45dae9cd5d3fde21e5aa9a95367d107267b3b8a
A141: 140 | B141: 80000000000000000000000000000000000 | C141: fffffffffffffffffffffffffffffffffff | D141: 1QKBaU6WAeycb3DbKbLBkX7vJiaS8r42Xo | E141: 14 | F141: ffbb35a7bb9bbe16c1aa2534f7ff11d59c8e3d1a | G141: 031f6a332d3c5c4f2de2378c012f429cd109ba07d69690c6c701b6bb87860d6640
A142: 141 | B142: 100000000000000000000000000000000000 | C142: 1fffffffffffffffffffffffffffffffffff | D142: 1CD91Vm97mLQvXhrnoMChhJx4TP9MaQkJo | E142: 14.1 | F142: 7af50f73fd580f1713af3a6f9c5de49643ec6fc6
A143: 142 | B143: 200000000000000000000000000000000000 | C143: 3fffffffffffffffffffffffffffffffffff | D143: 15MnK2jXPqTMURX4xC3h4mAZxyCcaWWEDD | E143: 14.2 | F143: 2fcea55e6d027a2ba7c7ebe95eedf47766730fe2
A144: 143 | B144: 400000000000000000000000000000000000 | C144: 7fffffffffffffffffffffffffffffffffff | D144: 13N66gCzWWHEZBxhVxG18P8wyjEWF9Yoi1 | E144: 14.3 | F144: 19ed3e03d19ddcedd5fa86543be820b3a7951650
A145: 144 | B145: 800000000000000000000000000000000000 | C145: ffffffffffffffffffffffffffffffffffff | D145: 1NevxKDYuDcCh1ZMMi6ftmWwGrZKC6j7Ux | E145: 14.4 | F145: ed87120066e244ff5331d5f8625873d7a3acc39c
A146: 145 | B146: 1000000000000000000000000000000000000 | C146: 1ffffffffffffffffffffffffffffffffffff | D146: 19GpszRNUej5yYqxXoLnbZWKew3KdVLkXg | E146: 14.5 | F146: 5abf369388deb8072741b4eb43ef10fa9388a729 | G146: 03afdda497369e219a2c1c369954a930e4d3740968e5e4352475bcffce3140dae5
A147: 146 | B147: 2000000000000000000000000000000000000 | C147: 3ffffffffffffffffffffffffffffffffffff | D147: 1M7ipcdYHey2Y5RZM34MBbpugghmjaV89P | E147: 14.6 | F147: dca7ebfb78ce21884300f133d89244bc4b1b756f
A148: 147 | B148: 4000000000000000000000000000000000000 | C148: 7ffffffffffffffffffffffffffffffffffff | D148: 18aNhurEAJsw6BAgtANpexk5ob1aGTwSeL | E148: 14.7 | F148: 5318b9d7fcc93873f768725eb68ba2c924bb07ee
A149: 148 | B149: 8000000000000000000000000000000000000 | C149: fffffffffffffffffffffffffffffffffffff | D149: 1FwZXt6EpRT7Fkndzv6K4b4DFoT4trbMrV | E149: 14.8 | F149: a3e3612e586fd206efb8eee6ccd58318e182829a
A150: 149 | B150: 10000000000000000000000000000000000000 | C150: 1fffffffffffffffffffffffffffffffffffff | D150: 1CXvTzR6qv8wJ7eprzUKeWxyGcHwDYP1i2 | E150: 14.9 | F150: 7e827e3b90da24c2a15f7b67e3bbece39955a5d0
A151: 150 | B151: 20000000000000000000000000000000000000 | C151: 3fffffffffffffffffffffffffffffffffffff | D151: 1MUJSJYtGPVGkBCTqGspnxyHahpt5Te8jy | E151: 15 | F151: e08c4d3bc9cf2b3e2cb88de2bfaa4fe8c7aa3f24 | G151: 03137807790ea7dc6e97901c2bc87411f45ed74a5629315c4e4b03a0a102250c49
A152: 151 | B152: 40000000000000000000000000000000000000 | C152: 7fffffffffffffffffffffffffffffffffffff | D152: 13Q84TNNvgcL3HJiqQPvyBb9m4hxjS3jkV | E152: 15.1 | F152: 1a4fb632f0de0c53a0a31d57f840a19e56c645ee
A153: 152 | B153: 80000000000000000000000000000000000000 | C153: ffffffffffffffffffffffffffffffffffffff | D153: 1LuUHyrQr8PKSvbcY1v1PiuGuqFjWpDumN | E153: 15.2 | F153: da56cd815fa2f0d6a4ce6d25ed7b1a01d9f9bc6b
A154: 153 | B154: 100000000000000000000000000000000000000 | C154: 1ffffffffffffffffffffffffffffffffffffff | D154: 18192XpzzdDi2K11QVHR7td2HcPS6Qs5vg | E154: 15.3 | F154: 4ccf94a1b0efd63cddeee0ef5eee5ebe720cfcbf
A155: 154 | B155: 200000000000000000000000000000000000000 | C155: 3ffffffffffffffffffffffffffffffffffffff | D155: 1NgVmsCCJaKLzGyKLFJfVequnFW9ZvnMLN | E155: 15.4 | F155: edd2e206825fa8949d1304cd82c08d64b222f2eb
A156: 155 | B156: 400000000000000000000000000000000000000 | C156: 7ffffffffffffffffffffffffffffffffffffff | D156: 1AoeP37TmHdFh8uN72fu9AqgtLrUwcv2wJ | E156: 15.5 | F156: 6b8b7830f73c5bf9e8beb9f161ad82b3bde992e4 | G156: 035cd1854cae45391ca4ec428cc7e6c7d9984424b954209a8eea197b9e364c05f6
A157: 156 | B157: 800000000000000000000000000000000000000 | C157: fffffffffffffffffffffffffffffffffffffff | D157: 1FTpAbQa4h8trvhQXjXnmNhqdiGBd1oraE | E157: 15.6 | F157: 9ea3f29aaedf7da10b1488934c50a39e271b0b64
...

Sheet Key Analysis
A1: bits | B1: key_hex | C1: key_binary | D1: key_decimal | E1: offset_from_range_min | F1: relative_position | G1: popcount | H1: trailing_zeros | I1: xor_prev_binary | J1: hamming_prev | K1: key_base4 | L1: key_octal | M1: key_base32 | N1: bit_reversed_binary | O1: bit_reversed_decimal | P1: gray_code_binary | Q1: complement_in_range_binary | R1: dist_to_range_max | S1: byte_reversed_hex_32B | T1: ratio_to_prev | U1: ones_fraction | V1: wif_compressed (static) | W1: wif_uncompressed (static) | X1: key_base64_32B (static) | Y1: hash160_binary | Z1: hamming_vs_hash160_low_n | AA1: hamming_vs_hash160_high_n | AB1: hamming_vs_hash160_full160 | AC1: z_low_n | AD1: z_high_n | AE1: digit_count | AF1: digit_sum | AG1: digital_root | AH1: decimal_reversed | AI1: log2_key | AJ1: log2_offset | AK1: rotl1_binary | AL1: rotr1_binary | AM1: bitwise_not_n_bits | AN1: longest_run_0 | AO1: longest_run_1 | AP1: run_count | AQ1: run_length_string | AR1: distinct_hex_digits | AS1: most_common_hex_digit | AT1: hex_digit_counts | AU1: mod_3 | AV1: mod_5 | AW1: mod_7 | AX1: mod_11 | AY1: mod_256 | AZ1: mod_65536 | BA1: key_minus_prev | BB1: key_minus_2x_prev | BC1: key_plus_1 | BD1: key_minus_1 | BE1: hex_0x_spaced_bytes | BF1: byte_values_decimal | BG1: ascii_reading | BH1: ipv4_low32 | BI1: unix_time_utc_if_lt_2^32 | BJ1: key_base36 (static) | BK1: key_base32_rfc4648 (static) | BL1: key_base64url (static) | BM1: n_minus_k_hex (static) | BN1: pubkey_x_hex (static) | BO1: pubkey_y_hex (static) | BP1: pubkey_uncompressed_hex (static) | BQ1: hash160_uncompressed (static) | BR1: address_p2pkh_uncompressed (static) | BS1: address_p2sh_p2wpkh (static) | BT1: address_bech32_p2wpkh (static) | BU1: key_over_curve_order | BV1: pubkey_x_binary | BW1: hamming_x_vs_key_low_n | BX1: hamming_x_vs_key_high_n | BY1: z_x_low_n | BZ1: z_x_high_n | CA1: runs_test_z | CB1: serial_corr_bits | CC1: longest_run_expected | CD1: longest_run_excess | CE1: hex_chi_square | CF1: hex_chi_p | CG1: common_prefix_prev | CH1: common_suffix_prev | CI1: relpos_drift_prev | CJ1: prev_key_in_key_hex | CK1: prev_key_in_key_bin | CL1: prev_key_bin_offset | CM1: key_mod_prev | CN1: relpos_minus_half | CO1: hex_nibble_reversed | CP1: hex_nibble_reversed_decimal | CQ1: bcd_reading | CR1: decimal_as_hex_value | CS1: hex_grouped_4 | CT1: hex_grouped_8_upper | CU1: key_in_words_if_small | CV1: is_prime (static) | CW1: smallest_prime_factor (static) | CX1: distinct_prime_factors (static) | CY1: factorization (static) | CZ1: is_perfect_square (static) | DA1: is_perfect_cube (static) | DB1: nearest_pow2_exp (static) | DC1: dist_to_nearest_pow2 (static) | DD1: nearest_fibonacci (static) | DE1: dist_to_fibonacci (static) | DF1: nearest_triangular (static) | DG1: dist_to_triangular (static) | DH1: parity (static) | DI1: wif_testnet_compressed (static) | DJ1: address_testnet_p2pkh (static) | DK1: address_testnet_bech32 (static) | DL1: address_taproot_p2tr (static) | DM1: taproot_output_key_x (static) | DN1: wif_litecoin_compressed (static) | DO1: address_litecoin_p2pkh (static) | DP1: address_litecoin_bech32 (static) | DQ1: wif_dogecoin_compressed (static) | DR1: address_dogecoin_p2pkh (static) | DS1: pubkey_compressed_base64 (static) | DT1: hash160_uncompressed_binary
A2: 1 | B2: 1 | C2: 1 | D2: 1 | E2: 0 | F2: 0 | G2: 1 | H2: 0 | J2: 0 | K2: 1 | L2: 1 | M2: 1 | N2: 1 | O2: 1 | P2: 1 | Q2: 1 | R2: 0 | S2: 0100000000000000000000000000000000000000000000000000000000000000 | U2: 1 | V2: KwDiBf89QgGbjEhKnhXJuH7LrciVrZi3qYjgd9M7rFU73sVHnoWn | W2: 5HpHagT65TZzG1PH3CSu63k8DbpvD8s5ip4nEB3kEsreAnchuDf | X2: AAAAAAAAAAAAAAAAAAAAAAAAAAAAAAAAAAAAAAAAAAE= | Y2: 0111010100011110011101101110100000011001100100011001011011010100010101001001010000011100010001011101000110110011101000110010001111110001010000110011101111010110 | Z2: 1 | AA2: 1 | AB2: 79 | AC2: 1 | AD2: 1 | AE2: 1 | AF2: 1 | AG2: 1 | AH2: 1 | AI2: 0 | AK2: 1 | AL2: 1 | AM2: 0 | AN2: 0 | AO2: 1 | AP2: 1 | AQ2: 1x1 | AR2: 1 | AS2: 1 | AT2: 1:1 | AU2: 1 | AV2: 1 | AW2: 1 | AX2: 1 | AY2: 1 | AZ2: 1 | BC2: 2 | BD2: 0 | BE2: 0x00 00 00 00 00 00 00 00 00 00 00 00 00 00 00 00 00 00 00 00 00 00 00 00 00 00 00 00 00 00 00 01 | BF2: 0,0,0,0,0,0,0,0,0,0,0,0,0,0,0,0,0,0,0,0,0,0,0,0,0,0,0,0,0,0,0,1 | BG2: ................................ | BH2: 0.0.0.1 | BI2: 25569 | BJ2: 1 | BK2: AAAAAAAAAAAAAAAAAAAAAAAAAAAAAAAAAAAAAAAAAAAAAAAAAAAQ==== | BL2: AAAAAAAAAAAAAAAAAAAAAAAAAAAAAAAAAAAAAAAAAAE | BM2: fffffffffffffffffffffffffffffffebaaedce6af48a03bbfd25e8cd0364140 | BN2: 79be667ef9dcbbac55a06295ce870b07029bfcdb2dce28d959f2815b16f81798 | BO2: 483ada7726a3c4655da4fbfc0e1108a8fd17b448a68554199c47d08ffb10d4b8 | BP2: 0479be667ef9dcbbac55a06295ce870b07029bfcdb2dce28d959f2815b16f81798483ada7726a3c4655da4fbfc0e1108a8fd17b448a68554199c47d08ffb10d4b8 | BQ2: 91b24bf9f5288532960ac687abb035127b1d28a5 | BR2: 1EHNa6Q4Jz2uvNExL497mE43ikXhwF6kZm | BS2: 3JvL6Ymt8MVWiCNHC7oWU6nLeHNJKLZGLN | BT2: bc1qw508d6qejxtdg4y5r3zarvary0c5xw7kv8f3t4 | BU2: 8.6361686e-78 | BV2: 0111100110111110011001100111111011111001110111001011101110101100010101011010000001100010100101011100111010000111000010110000011100000010100110111111110011011011001011011100111000101000110110010101100111110010100000010101101100010110111110000001011110011000 | BW2: 1 | BX2: 1 | BY2: 1 | BZ2: 1 | CA2: =IF(B2="","",IF(A2<8,"",_xlfn.LET(_xlpm.n,A2,_xlpm.k,G2,_xlpm.R,AP2,_xlpm.mu,1+2*_xlpm.k*(_xlpm.n-_xlpm.k)/_xlpm.n,_xlpm.v,2*_xlpm.k*(_xlpm.n-_xlpm.k)*(2*_xlpm.k*(_xlpm.n-_xlpm.k)-_xlpm.n)/(_xlpm.n^2*(_xlpm.n-1)),IF(_xlpm.v<=0,"",(_xlpm.R-_xlpm.mu)/SQRT(_xlpm.v))))) | CB2: {=IF(B2="","",IF(A2<8,"",_xlfn.LET(_xlpm.b,--MID(C2,_xlfn.SEQUENCE(A2-1),1),_xlpm.c,--MID(C2,_xlfn.SEQUENCE(A2-1,,2),1),IFERROR(CORREL(_xlpm.b,_xlpm.c),""))))} | CC2: =IF(B2="","",LOG(A2,2)) -> 0 | CD2: =IF(B2="","",MAX(AN2,AO2)-CC2) -> 1 | CE2: {=IF(B2="","",IF(LEN(B2)<16,"",_xlfn.LET(_xlpm.d,MID("0123456789abcdef",_xlfn.SEQUENCE(16),1),_xlpm.c,LEN(B2)-LEN(SUBSTITUTE(B2,_xlpm.d,"")),_xlpm.ex,LEN(B2)/16,SUM((_xlpm.c-_xlpm.ex)^2/_xlpm.ex))))} | CF2: =IF(CE2="","",_xlfn.CHISQ.DIST.RT(CE2,15)) | CG2: ="" | CH2: ="" | CI2: ="" | CJ2: ="" | CK2: ="" | CL2: ="" | CM2: ="" | CN2: =IF(B2="","",F2-0.5) -> -0.5 | CO2: {=IF(B2="","",_xlfn.TEXTJOIN("",,MID(B2,_xlfn.SEQUENCE(LEN(B2),,LEN(B2),-1),1)))} -> 1 | CP2: {=IF(B2="","",BASE2DEC(CO2,16))} -> 1 | CQ2: =IF(B2="","",IF(AND(LEN(B2)<16,LEN(B2)=LEN(SUBSTITUTE(SUBSTITUTE(SUBSTITUTE(SUBSTITUTE(SUBSTITUTE(SUBSTITUTE(B2,"a",""),"b",""),"c",""),"d",""),"e",""),"f",""))),--B2,"")) -> 1 | CR2: {=IF(B2="","",IF(LEN(D2)<=15,BASE2DEC(D2,16),""))} -> 1 | CS2: {=IF(B2="","",_xlfn.LET(_xlpm.p,REPT("0",MOD(-LEN(B2),4))&B2,_xlfn.TEXTJOIN(" ",,MID(_xlpm.p,_xlfn.SEQUENCE(LEN(_xlpm.p)/4,,1,4),4))))} -> 0001 | CT2: {=IF(B2="","",UPPER(_xlfn.LET(_xlpm.p,REPT("0",64-LEN(B2))&B2,_xlfn.TEXTJOIN(" ",,MID(_xlpm.p,_xlfn.SEQUENCE(8,,1,8),8)))))} -> 00000000 00000000 00000000 00000000 00000000 00000000 00000000 00000001 | CU2: {=IF(B2="","",IF(LEN(D2)<=6,_xlfn.LET(_xlpm.n,VALUE(D2),_xlpm.ones,{"","one","two","three","four","five","six","seven","eight","nine","ten","eleven","twelve","thirteen","fourteen","fifteen","sixteen","seventeen","eighteen","nineteen"},_xlpm.tens,{"","","twenty","thirty","forty","fifty","sixty","seventy","eighty","ninety"},_xlpm.f,_xlfn.LAMBDA(_xlpm.x,TRIM(IF(_xlpm.x>=100,INDEX(_xlpm.ones,INT(_xlpm.x/100)+1)&" hundred ","")&IF(MOD(_xlpm.x,100)<20,INDEX(_xlpm.ones,MOD(_xlpm.x,100)+1),INDEX(_xlpm.tens,INT(MOD(_xlpm.x,100)/10)+1)&IF(MOD(_xlpm.x,10)>0,"-"&INDEX(_xlpm.ones,MOD(_xlpm.x,10)+1),"")))),TRIM(IF(_xlpm.n>=1000,_xlpm.f(INT(_xlpm.n/1000))&" thousand ","")&IF(MOD(_xlpm.n,1000)>0,_xlpm.f(MOD(_xlpm.n,1000)),""))),""))} -> one | CV2: no | CW2: >2e6 (not found) | CZ2: yes | DA2: yes | DB2: 0 | DC2: 0 below 2^0 | DD2: 1 | DE2: 0 | DF2: 1 | DG2: 0 | DH2: odd | DI2: cMahea7zqjxrtgAbB7LSGbcQUr1uX1ojuat9jZodMN87JcbXMTcA | DJ2: mrCDrCybB6J1vRfbwM5hemdJz73FwDBC8r | DK2: tb1qw508d6qejxtdg4y5r3zarvary0c5xw7kxpjzsx | DL2: bc1pmfr3p9j00pfxjh0zmgp99y8zftmd3s5pmedqhyptwy6lm87hf5sspknck9 | DM2: da4710964f7852695de2da025290e24af6d8c281de5a0b902b7135fd9fd74d21 | DN2: T33ydQRKp4FCW5LCLLUB7deioUMoveiwekdwUwyfRDeGZm76aUjV | DO2: LVuDpNCSSj6pQ7t9Pv6d6sUkLKoqDEVUnJ | DP2: ltc1qw508d6qejxtdg4y5r3zarvary0c5xw7kgmn4n9 | DQ2: QNcdLVw8fHkixm6NNyN6nVwxKek4u7qrioRbQmjxac5TVoTtZuot | DR2: DFpN6QqFfUm3gKNaxN6tNcab1FArL9cZLE | DS2: Anm+Zn753LusVaBilc6HCwcCm/zbLc4o2VnygVsW+BeY | DT2: {=IF(B2="","",_xlfn.TEXTJOIN("",,HEX2BIN(MID(BQ2,_xlfn.SEQUENCE(40),1),4)))} -> 1001000110110010010010111111100111110101001010001000010100110010100101100000101011000110100001111010101110110000001101010001001001111011000111010010100010100101
A3: 2 | B3: 3 | C3: 11 | D3: 3 | E3: 1 | F3: 0.5 | G3: 2 | H3: 0 | I3: 10 | J3: 1 | K3: 3 | L3: 3 | M3: 3 | N3: 11 | O3: 3 | P3: 10 | Q3: 10 | R3: 0 | S3: 0300000000000000000000000000000000000000000000000000000000000000 | T3: 3 | U3: 1 | V3: KwDiBf89QgGbjEhKnhXJuH7LrciVrZi3qYjgd9M7rFU74sHUHy8S | W3: 5HpHagT65TZzG1PH3CSu63k8DbpvD8s5ip4nEB3kEsreB1FQ8BZ | X3: AAAAAAAAAAAAAAAAAAAAAAAAAAAAAAAAAAAAAAAAAAM= | Y3: 0111110111010110010101011001001011010000101010110010111111100000110100000010010101111101010101110001101010111111000000110010110011011001110110111001001111011100 | Z3: 2 | AA3: 1 | AB3: 88 | AC3: 1.4142136 | AD3: 0 | AE3: 1 | AF3: 3 | AG3: 3 | AH3: 3 | AI3: 1.5849625 | AJ3: 0 | AK3: 11 | AL3: 11 | AM3: 00 | AN3: 0 | AO3: 2 | AP3: 1 | AQ3: 1x2 | AR3: 1 | AS3: 3 | AT3: 3:1 | AU3: 0 | AV3: 3 | AW3: 3 | AX3: 3 | AY3: 3 | AZ3: 3 | BA3: 2 | BB3: 1 | BC3: 4 | BD3: 2 | BE3: 0x00 00 00 00 00 00 00 00 00 00 00 00 00 00 00 00 00 00 00 00 00 00 00 00 00 00 00 00 00 00 00 03 | BF3: 0,0,0,0,0,0,0,0,0,0,0,0,0,0,0,0,0,0,0,0,0,0,0,0,0,0,0,0,0,0,0,3 | BG3: ................................ | BH3: 0.0.0.3 | BI3: 25569 | BJ3: 3 | BK3: AAAAAAAAAAAAAAAAAAAAAAAAAAAAAAAAAAAAAAAAAAAAAAAAAABQ==== | BL3: AAAAAAAAAAAAAAAAAAAAAAAAAAAAAAAAAAAAAAAAAAM | BM3: fffffffffffffffffffffffffffffffebaaedce6af48a03bbfd25e8cd036413e | BN3: f9308a019258c31049344f85f89d5229b531c845836f99b08601f113bce036f9 | BO3: 388f7b0f632de8140fe337e62a37f3566500a99934c2231b6cb9fd7584b8e672 | BP3: 04f9308a019258c31049344f85f89d5229b531c845836f99b08601f113bce036f9388f7b0f632de8140fe337e62a37f3566500a99934c2231b6cb9fd7584b8e672 | BQ3: ec7eced2c57ed1292bc4eb9bfd13c9f7603bc338 | BR3: 1NZUP3JAc9JkmbvmoTv7nVgZGtyJjirKV1 | BS3: 3BM3eLQZbwubG3XwwxJmd9qxwMJn7yUTSn | BT3: bc1q0ht9tyks4vh7p5p904t340cr9nvahy7u3re7zg | BU3: 2.5908506e-77 | BV3: 1111100100110000100010100000000110010010010110001100001100010000010010010011010001001111100001011111100010011101010100100010100110110101001100011100100001000101100000110110111110011001101100001000011000000001111100010001001110111100111000000011011011111001 | BW3: 1 | BX3: 0 | BY3: 0 | BZ3: -1.4142136 | CA3: =IF(B3="","",IF(A3<8,"",_xlfn.LET(_xlpm.n,A3,_xlpm.k,G3,_xlpm.R,AP3,_xlpm.mu,1+2*_xlpm.k*(_xlpm.n-_xlpm.k)/_xlpm.n,_xlpm.v,2*_xlpm.k*(_xlpm.n-_xlpm.k)*(2*_xlpm.k*(_xlpm.n-_xlpm.k)-_xlpm.n)/(_xlpm.n^2*(_xlpm.n-1)),IF(_xlpm.v<=0,"",(_xlpm.R-_xlpm.mu)/SQRT(_xlpm.v))))) | CB3: {=IF(B3="","",IF(A3<8,"",_xlfn.LET(_xlpm.b,--MID(C3,_xlfn.SEQUENCE(A3-1),1),_xlpm.c,--MID(C3,_xlfn.SEQUENCE(A3-1,,2),1),IFERROR(CORREL(_xlpm.b,_xlpm.c),""))))} | CC3: =IF(B3="","",LOG(A3,2)) -> 1 | CD3: =IF(B3="","",MAX(AN3,AO3)-CC3) -> 1 | CE3: {=IF(B3="","",IF(LEN(B3)<16,"",_xlfn.LET(_xlpm.d,MID("0123456789abcdef",_xlfn.SEQUENCE(16),1),_xlpm.c,LEN(B3)-LEN(SUBSTITUTE(B3,_xlpm.d,"")),_xlpm.ex,LEN(B3)/16,SUM((_xlpm.c-_xlpm.ex)^2/_xlpm.ex))))} | CF3: =IF(CE3="","",_xlfn.CHISQ.DIST.RT(CE3,15)) | CG3: {=IF(OR(B3="",B2=""),"",_xlfn.LET(_xlpm.a,C3,_xlpm.b,REPT("0",A3-LEN(C2))&C2,_xlpm.m,MID(_xlpm.a,_xlfn.SEQUENCE(A3),1)=MID(_xlpm.b,_xlfn.SEQUENCE(A3),1),IFERROR(MATCH(FALSE,_xlpm.m,0)-1,A3)))} -> 0 | CH3: {=IF(OR(B3="",B2=""),"",_xlfn.LET(_xlpm.a,C3,_xlpm.b,REPT("0",A3-LEN(C2))&C2,_xlpm.n,A3,_xlpm.m,MID(_xlpm.a,_xlfn.SEQUENCE(_xlpm.n,,_xlpm.n,-1),1)=MID(_xlpm.b,_xlfn.SEQUENCE(_xlpm.n,,_xlpm.n,-1),1),IFERROR(MATCH(FALSE,_xlpm.m,0)-1,_xlpm.n)))} -> 1 | CI3: =IF(OR(B3="",B2=""),"",F3-F2) -> 0.5 | CJ3: =IF(OR(B3="",B2=""),"",IFERROR(FIND(B2,B3)>0,FALSE)) -> FALSE | CK3: =IF(OR(B3="",B2=""),"",IFERROR(FIND(C2,C3)>0,FALSE)) -> TRUE | CL3: =IF(OR(B3="",B2=""),"",IFERROR(FIND(C2,C3),"")) -> 1 | CM3: {=IF(OR(B3="",B2=""),"",_xlfn.LET(_xlpm.pv,D2,_xlpm.ra,BIGSUB(D3,_xlpm.pv),_xlpm.rb,BIGSUB(_xlpm.ra,_xlpm.pv),_xlpm.rc,BIGSUB(_xlpm.rb,_xlpm.pv),IF(LEFT(_xlpm.rb,1)="-",_xlpm.ra,IF(LEFT(_xlpm.rc,1)="-",_xlpm.rb,_xlpm.rc))))} -> 0 | CN3: =IF(B3="","",F3-0.5) -> 0 | CO3: {=IF(B3="","",_xlfn.TEXTJOIN("",,MID(B3,_xlfn.SEQUENCE(LEN(B3),,LEN(B3),-1),1)))} -> 3 | CP3: {=IF(B3="","",BASE2DEC(CO3,16))} -> 3 | CQ3: =IF(B3="","",IF(AND(LEN(B3)<16,LEN(B3)=LEN(SUBSTITUTE(SUBSTITUTE(SUBSTITUTE(SUBSTITUTE(SUBSTITUTE(SUBSTITUTE(B3,"a",""),"b",""),"c",""),"d",""),"e",""),"f",""))),--B3,"")) -> 3 | CR3: {=IF(B3="","",IF(LEN(D3)<=15,BASE2DEC(D3,16),""))} -> 3 | CS3: {=IF(B3="","",_xlfn.LET(_xlpm.p,REPT("0",MOD(-LEN(B3),4))&B3,_xlfn.TEXTJOIN(" ",,MID(_xlpm.p,_xlfn.SEQUENCE(LEN(_xlpm.p)/4,,1,4),4))))} -> 0003 | CT3: {=IF(B3="","",UPPER(_xlfn.LET(_xlpm.p,REPT("0",64-LEN(B3))&B3,_xlfn.TEXTJOIN(" ",,MID(_xlpm.p,_xlfn.SEQUENCE(8,,1,8),8)))))} -> 00000000 00000000 00000000 00000000 00000000 00000000 00000000 00000003 | CU3: {=IF(B3="","",IF(LEN(D3)<=6,_xlfn.LET(_xlpm.n,VALUE(D3),_xlpm.ones,{"","one","two","three","four","five","six","seven","eight","nine","ten","eleven","twelve","thirteen","fourteen","fifteen","sixteen","seventeen","eighteen","nineteen"},_xlpm.tens,{"","","twenty","thirty","forty","fifty","sixty","seventy","eighty","ninety"},_xlpm.f,_xlfn.LAMBDA(_xlpm.x,TRIM(IF(_xlpm.x>=100,INDEX(_xlpm.ones,INT(_xlpm.x/100)+1)&" hundred ","")&IF(MOD(_xlpm.x,100)<20,INDEX(_xlpm.ones,MOD(_xlpm.x,100)+1),INDEX(_xlpm.tens,INT(MOD(_xlpm.x,100)/10)+1)&IF(MOD(_xlpm.x,10)>0,"-"&INDEX(_xlpm.ones,MOD(_xlpm.x,10)+1),"")))),TRIM(IF(_xlpm.n>=1000,_xlpm.f(INT(_xlpm.n/1000))&" thousand ","")&IF(MOD(_xlpm.n,1000)>0,_xlpm.f(MOD(_xlpm.n,1000)),""))),""))} -> three | CV3: yes | CW3: 3 | CX3: 1 | CY3: 3 | CZ3: no | DA3: no | DB3: 1 | DC3: 1 above 2^1 | DD3: 3 | DE3: 0 | DF3: 3 | DG3: 0 | DH3: odd | DI3: cMahea7zqjxrtgAbB7LSGbcQUr1uX1ojuat9jZodMN87KcLPVfXz | DJ3: mrzKXEpXfEDHk7vFS3LBXVXoa4YXFcCkje | DK3: tb1q0ht9tyks4vh7p5p904t340cr9nvahy7um9zdem | DL3: bc1pgxxyvcmdncdxs06cudd5yvmwwahaesaj6n3eu7st7x4sw9hrchaqjy33gs | DM3: 418c46636d9e1a683f58e35b42336e776fdcc3b2d4e39e7a0bf1ab0716e3c5fa | DN3: T33ydQRKp4FCW5LCLLUB7deioUMoveiwekdwUwyfRDeGakooUYaf | DO3: LWhKVQ3Nvs26Dp8ntcM6ybPEvHK6Y4VWZU | DP3: ltc1q0ht9tyks4vh7p5p904t340cr9nvahy7u4lr66c | DQ3: QNcdLVw8fHkixm6NNyN6nVwxKek4u7qrioRbQmjxac5TWoFhHVeV | DR3: DGcTmSgC9cgKW1dET4MNFLV5bCg7em2Bds | DS3: AvkwigGSWMMQSTRPhfidUim1MchFg2+ZsIYB8RO84Db5 | DT3: {=IF(B3="","",_xlfn.TEXTJOIN("",,HEX2BIN(MID(BQ3,_xlfn.SEQUENCE(40),1),4)))} -> 1110110001111110110011101101001011000101011111101101000100101001001010111100010011101011100110111111110100010011110010011111011101100000001110111100001100111000
A4: 3 | B4: 7 | C4: 111 | D4: 7 | E4: 3 | F4: 0.75 | G4: 3 | H4: 0 | I4: 100 | J4: 1 | K4: 13 | L4: 7 | M4: 7 | N4: 111 | O4: 7 | P4: 100 | Q4: 100 | R4: 0 | S4: 0700000000000000000000000000000000000000000000000000000000000000 | T4: 2.3333333 | U4: 1 | V4: KwDiBf89QgGbjEhKnhXJuH7LrciVrZi3qYjgd9M7rFU76rnZwVdz | W4: 5HpHagT65TZzG1PH3CSu63k8DbpvD8s5ip4nEB3kEsreBR6zCMU | X4: AAAAAAAAAAAAAAAAAAAAAAAAAAAAAAAAAAAAAAAAAAc= | Y4: 0101110111101101111110111111100111101010010110011001110111010100111000111100101001101010100000001011001100110011110001000111001011111101000010110011111101101001 | Z4: 2 | AA4: 2 | AB4: 93 | AC4: 0.57735027 | AD4: 0.57735027 | AE4: 1 | AF4: 7 | AG4: 7 | AH4: 7 | AI4: 2.8073549 | AJ4: 1.5849625 | AK4: 111 | AL4: 111 | AM4: 000 | AN4: 0 | AO4: 3 | AP4: 1 | AQ4: 1x3 | AR4: 1 | AS4: 7 | AT4: 7:1 | AU4: 1 | AV4: 2 | AW4: 0 | AX4: 7 | AY4: 7 | AZ4: 7 | BA4: 4 | BB4: 1 | BC4: 8 | BD4: 6 | BE4: 0x00 00 00 00 00 00 00 00 00 00 00 00 00 00 00 00 00 00 00 00 00 00 00 00 00 00 00 00 00 00 00 07 | BF4: 0,0,0,0,0,0,0,0,0,0,0,0,0,0,0,0,0,0,0,0,0,0,0,0,0,0,0,0,0,0,0,7 | BG4: ................................ | BH4: 0.0.0.7 | BI4: 25569 | BJ4: 7 | BK4: AAAAAAAAAAAAAAAAAAAAAAAAAAAAAAAAAAAAAAAAAAAAAAAAAADQ==== | BL4: AAAAAAAAAAAAAAAAAAAAAAAAAAAAAAAAAAAAAAAAAAc | BM4: fffffffffffffffffffffffffffffffebaaedce6af48a03bbfd25e8cd036413a | BN4: 5cbdf0646e5db4eaa398f365f2ea7a0e3d419b7e0330e39ce92bddedcac4f9bc | BO4: 6aebca40ba255960a3178d6d861a54dba813d0b813fde7b5a5082628087264da | BP4: 045cbdf0646e5db4eaa398f365f2ea7a0e3d419b7e0330e39ce92bddedcac4f9bc6aebca40ba255960a3178d6d861a54dba813d0b813fde7b5a5082628087264da | BQ4: 73ab19930b7c023b0c7e17da43649ca58a419999 | BR4: 1BYbgHpSKQCtMrQfwN6b6n5S718EJkEJ41 | BS4: 3BW9kFfY5TGhjVoRtxoijfjJvfggZgfNDX | BT4: bc1qthklh702txwafc72d2qtxv7ywt7sk0mfy3mw6y | BU4: 6.045318e-77 | BV4: 0101110010111101111100000110010001101110010111011011010011101010101000111001100011110011011001011111001011101010011110100000111000111101010000011001101101111110000000110011000011100011100111001110100100101011110111011110110111001010110001001111100110111100 | BW4: 2 | BX4: 2 | BY4: 0.57735027 | BZ4: 0.57735027 | CA4: =IF(B4="","",IF(A4<8,"",_xlfn.LET(_xlpm.n,A4,_xlpm.k,G4,_xlpm.R,AP4,_xlpm.mu,1+2*_xlpm.k*(_xlpm.n-_xlpm.k)/_xlpm.n,_xlpm.v,2*_xlpm.k*(_xlpm.n-_xlpm.k)*(2*_xlpm.k*(_xlpm.n-_xlpm.k)-_xlpm.n)/(_xlpm.n^2*(_xlpm.n-1)),IF(_xlpm.v<=0,"",(_xlpm.R-_xlpm.mu)/SQRT(_xlpm.v))))) | CB4: {=IF(B4="","",IF(A4<8,"",_xlfn.LET(_xlpm.b,--MID(C4,_xlfn.SEQUENCE(A4-1),1),_xlpm.c,--MID(C4,_xlfn.SEQUENCE(A4-1,,2),1),IFERROR(CORREL(_xlpm.b,_xlpm.c),""))))} | CC4: =IF(B4="","",LOG(A4,2)) -> 1.5849625 | CD4: =IF(B4="","",MAX(AN4,AO4)-CC4) -> 1.4150375 | CE4: {=IF(B4="","",IF(LEN(B4)<16,"",_xlfn.LET(_xlpm.d,MID("0123456789abcdef",_xlfn.SEQUENCE(16),1),_xlpm.c,LEN(B4)-LEN(SUBSTITUTE(B4,_xlpm.d,"")),_xlpm.ex,LEN(B4)/16,SUM((_xlpm.c-_xlpm.ex)^2/_xlpm.ex))))} | CF4: =IF(CE4="","",_xlfn.CHISQ.DIST.RT(CE4,15)) | CG4: {=IF(OR(B4="",B3=""),"",_xlfn.LET(_xlpm.a,C4,_xlpm.b,REPT("0",A4-LEN(C3))&C3,_xlpm.m,MID(_xlpm.a,_xlfn.SEQUENCE(A4),1)=MID(_xlpm.b,_xlfn.SEQUENCE(A4),1),IFERROR(MATCH(FALSE,_xlpm.m,0)-1,A4)))} -> 0 | CH4: {=IF(OR(B4="",B3=""),"",_xlfn.LET(_xlpm.a,C4,_xlpm.b,REPT("0",A4-LEN(C3))&C3,_xlpm.n,A4,_xlpm.m,MID(_xlpm.a,_xlfn.SEQUENCE(_xlpm.n,,_xlpm.n,-1),1)=MID(_xlpm.b,_xlfn.SEQUENCE(_xlpm.n,,_xlpm.n,-1),1),IFERROR(MATCH(FALSE,_xlpm.m,0)-1,_xlpm.n)))} -> 2 | CI4: =IF(OR(B4="",B3=""),"",F4-F3) -> 0.25 | CJ4: =IF(OR(B4="",B3=""),"",IFERROR(FIND(B3,B4)>0,FALSE)) -> FALSE | CK4: =IF(OR(B4="",B3=""),"",IFERROR(FIND(C3,C4)>0,FALSE)) -> TRUE | CL4: =IF(OR(B4="",B3=""),"",IFERROR(FIND(C3,C4),"")) -> 1 | CM4: {=IF(OR(B4="",B3=""),"",_xlfn.LET(_xlpm.pv,D3,_xlpm.ra,BIGSUB(D4,_xlpm.pv),_xlpm.rb,BIGSUB(_xlpm.ra,_xlpm.pv),_xlpm.rc,BIGSUB(_xlpm.rb,_xlpm.pv),IF(LEFT(_xlpm.rb,1)="-",_xlpm.ra,IF(LEFT(_xlpm.rc,1)="-",_xlpm.rb,_xlpm.rc))))} -> 1 | CN4: =IF(B4="","",F4-0.5) -> 0.25 | CO4: {=IF(B4="","",_xlfn.TEXTJOIN("",,MID(B4,_xlfn.SEQUENCE(LEN(B4),,LEN(B4),-1),1)))} -> 7 | CP4: {=IF(B4="","",BASE2DEC(CO4,16))} -> 7 | CQ4: =IF(B4="","",IF(AND(LEN(B4)<16,LEN(B4)=LEN(SUBSTITUTE(SUBSTITUTE(SUBSTITUTE(SUBSTITUTE(SUBSTITUTE(SUBSTITUTE(B4,"a",""),"b",""),"c",""),"d",""),"e",""),"f",""))),--B4,"")) -> 7 | CR4: {=IF(B4="","",IF(LEN(D4)<=15,BASE2DEC(D4,16),""))} -> 7 | CS4: {=IF(B4="","",_xlfn.LET(_xlpm.p,REPT("0",MOD(-LEN(B4),4))&B4,_xlfn.TEXTJOIN(" ",,MID(_xlpm.p,_xlfn.SEQUENCE(LEN(_xlpm.p)/4,,1,4),4))))} -> 0007 | CT4: {=IF(B4="","",UPPER(_xlfn.LET(_xlpm.p,REPT("0",64-LEN(B4))&B4,_xlfn.TEXTJOIN(" ",,MID(_xlpm.p,_xlfn.SEQUENCE(8,,1,8),8)))))} -> 00000000 00000000 00000000 00000000 00000000 00000000 00000000 00000007 | CU4: {=IF(B4="","",IF(LEN(D4)<=6,_xlfn.LET(_xlpm.n,VALUE(D4),_xlpm.ones,{"","one","two","three","four","five","six","seven","eight","nine","ten","eleven","twelve","thirteen","fourteen","fifteen","sixteen","seventeen","eighteen","nineteen"},_xlpm.tens,{"","","twenty","thirty","forty","fifty","sixty","seventy","eighty","ninety"},_xlpm.f,_xlfn.LAMBDA(_xlpm.x,TRIM(IF(_xlpm.x>=100,INDEX(_xlpm.ones,INT(_xlpm.x/100)+1)&" hundred ","")&IF(MOD(_xlpm.x,100)<20,INDEX(_xlpm.ones,MOD(_xlpm.x,100)+1),INDEX(_xlpm.tens,INT(MOD(_xlpm.x,100)/10)+1)&IF(MOD(_xlpm.x,10)>0,"-"&INDEX(_xlpm.ones,MOD(_xlpm.x,10)+1),"")))),TRIM(IF(_xlpm.n>=1000,_xlpm.f(INT(_xlpm.n/1000))&" thousand ","")&IF(MOD(_xlpm.n,1000)>0,_xlpm.f(MOD(_xlpm.n,1000)),""))),""))} -> seven | CV4: yes | CW4: 7 | CX4: 1 | CY4: 7 | CZ4: no | DA4: no | DB4: 3 | DC4: 1 below 2^3 | DD4: 8 | DE4: 1 | DF4: 6 | DG4: 1 | DH4: odd | DI4: cMahea7zqjxrtgAbB7LSGbcQUr1uX1ojuat9jZodMN87MbvFSpLf | DJ4: mp5cELDJZ2pUNYrF1i5dCyT34j48UzaKRU | DK4: tb1qthklh702txwafc72d2qtxv7ywt7sk0mfwhqaph | DL4: bc1pr896td3mmjl5vc57mutumgfmeet8hyzy9w6zr6hg5vhrtppevlpsp3x3nm | DM4: 19cba5b63bdcbf46629edf17cda13bce567b90442bb421eae8a32e35843967c3 | DN4: T33ydQRKp4FCW5LCLLUB7deioUMoveiwekdwUwyfRDeGckMREisC | DO4: LTncCVS9pfdGrF4nUH6Yf5JUQwphhqVq54 | DP4: ltc1qthklh702txwafc72d2qtxv7ywt7sk0mfqdp2z5 | DQ4: QNcdLVw8fHkixm6NNyN6nVwxKek4u7qrioRbQmjxac5TYnjVc8Ke | DR4: DDhkUY4y3RHW8SZE2j6ovpQK5sBiv5gurH | DS4: Aly98GRuXbTqo5jzZfLqeg49QZt+AzDjnOkr3e3KxPm8 | DT4: {=IF(B4="","",_xlfn.TEXTJOIN("",,HEX2BIN(MID(BQ4,_xlfn.SEQUENCE(40),1),4)))} -> 0111001110101011000110011001001100001011011111000000001000111011000011000111111000010111110110100100001101100100100111001010010110001010010000011001100110011001
A5: 4 | B5: 8 | C5: 1000 | D5: 8 | E5: 0 | F5: 0 | G5: 1 | H5: 3 | I5: 1111 | J5: 4 | K5: 20 | L5: 10 | M5: 8 | N5: 0001 | O5: 1 | P5: 1100 | Q5: 1111 | R5: 7 | S5: 0800000000000000000000000000000000000000000000000000000000000000 | T5: 1.1428571 | U5: 0.25 | V5: KwDiBf89QgGbjEhKnhXJuH7LrciVrZi3qYjgd9M7rFU77MfhviY5 | W5: 5HpHagT65TZzG1PH3CSu63k8DbpvD8s5ip4nEB3kEsreBbMaQX1 | X5: AAAAAAAAAAAAAAAAAAAAAAAAAAAAAAAAAAAAAAAAAAg= | Y5: 1001011001010010110110000110101111101101111101000011101011010010011001000011011000101110011011100110111010111010011011101011011101100100010100001000000100100111 | Z5: 4 | AA5: 1 | AB5: 84 | AC5: 2 | AD5: -1 | AE5: 1 | AF5: 8 | AG5: 8 | AH5: 8 | AI5: 3 | AK5: 0001 | AL5: 0100 | AM5: 0111 | AN5: 3 | AO5: 1 | AP5: 2 | AQ5: 1x1,0x3 | AR5: 1 | AS5: 8 | AT5: 8:1 | AU5: 2 | AV5: 3 | AW5: 1 | AX5: 8 | AY5: 8 | AZ5: 8 | BA5: 1 | BB5: -6 | BC5: 9 | BD5: 7 | BE5: 0x00 00 00 00 00 00 00 00 00 00 00 00 00 00 00 00 00 00 00 00 00 00 00 00 00 00 00 00 00 00 00 08 | BF5: 0,0,0,0,0,0,0,0,0,0,0,0,0,0,0,0,0,0,0,0,0,0,0,0,0,0,0,0,0,0,0,8 | BG5: ................................ | BH5: 0.0.0.8 | BI5: 25569 | BJ5: 8 | BK5: AAAAAAAAAAAAAAAAAAAAAAAAAAAAAAAAAAAAAAAAAAAAAAAAAAEA==== | BL5: AAAAAAAAAAAAAAAAAAAAAAAAAAAAAAAAAAAAAAAAAAg | BM5: fffffffffffffffffffffffffffffffebaaedce6af48a03bbfd25e8cd0364139 | BN5: 2f01e5e15cca351daff3843fb70f3c2f0a1bdd05e5af888a67784ef3e10a2a01 | BO5: 5c4da8a741539949293d082a132d13b4c2e213d6ba5b7617b5da2cb76cbde904 | BP5: 042f01e5e15cca351daff3843fb70f3c2f0a1bdd05e5af888a67784ef3e10a2a015c4da8a741539949293d082a132d13b4c2e213d6ba5b7617b5da2cb76cbde904 | BQ5: be5fdeb54c869d582cf796c34e28b4d21813ffa6 | BR5: 1JMcEcKXQ7xA7JLAMPsBmHz68bzugYtdrv | BS5: 3PNNDgsXkAwe6jZScfShL3KapB6FhFePRH | BT5: bc1qjefds6ld7sadyepk9ehxawnwkaj9pqf8xuq2eg | BU5: 6.9089348e-77 | BV5: 0010111100000001111001011110000101011100110010100011010100011101101011111111001110000100001111111011011100001111001111000010111100001010000110111101110100000101111001011010111110001000100010100110011101111000010011101111001111100001000010100010101000000001 | BW5: 2 | BX5: 2 | BY5: 0 | BZ5: 0 | CA5: =IF(B5="","",IF(A5<8,"",_xlfn.LET(_xlpm.n,A5,_xlpm.k,G5,_xlpm.R,AP5,_xlpm.mu,1+2*_xlpm.k*(_xlpm.n-_xlpm.k)/_xlpm.n,_xlpm.v,2*_xlpm.k*(_xlpm.n-_xlpm.k)*(2*_xlpm.k*(_xlpm.n-_xlpm.k)-_xlpm.n)/(_xlpm.n^2*(_xlpm.n-1)),IF(_xlpm.v<=0,"",(_xlpm.R-_xlpm.mu)/SQRT(_xlpm.v))))) | CB5: {=IF(B5="","",IF(A5<8,"",_xlfn.LET(_xlpm.b,--MID(C5,_xlfn.SEQUENCE(A5-1),1),_xlpm.c,--MID(C5,_xlfn.SEQUENCE(A5-1,,2),1),IFERROR(CORREL(_xlpm.b,_xlpm.c),""))))} | CC5: =IF(B5="","",LOG(A5,2)) -> 2 | CD5: =IF(B5="","",MAX(AN5,AO5)-CC5) -> 1 | CE5: {=IF(B5="","",IF(LEN(B5)<16,"",_xlfn.LET(_xlpm.d,MID("0123456789abcdef",_xlfn.SEQUENCE(16),1),_xlpm.c,LEN(B5)-LEN(SUBSTITUTE(B5,_xlpm.d,"")),_xlpm.ex,LEN(B5)/16,SUM((_xlpm.c-_xlpm.ex)^2/_xlpm.ex))))} | CF5: =IF(CE5="","",_xlfn.CHISQ.DIST.RT(CE5,15)) | CG5: {=IF(OR(B5="",B4=""),"",_xlfn.LET(_xlpm.a,C5,_xlpm.b,REPT("0",A5-LEN(C4))&C4,_xlpm.m,MID(_xlpm.a,_xlfn.SEQUENCE(A5),1)=MID(_xlpm.b,_xlfn.SEQUENCE(A5),1),IFERROR(MATCH(FALSE,_xlpm.m,0)-1,A5)))} -> 0 | CH5: {=IF(OR(B5="",B4=""),"",_xlfn.LET(_xlpm.a,C5,_xlpm.b,REPT("0",A5-LEN(C4))&C4,_xlpm.n,A5,_xlpm.m,MID(_xlpm.a,_xlfn.SEQUENCE(_xlpm.n,,_xlpm.n,-1),1)=MID(_xlpm.b,_xlfn.SEQUENCE(_xlpm.n,,_xlpm.n,-1),1),IFERROR(MATCH(FALSE,_xlpm.m,0)-1,_xlpm.n)))} -> 0 | CI5: =IF(OR(B5="",B4=""),"",F5-F4) -> -0.75 | CJ5: =IF(OR(B5="",B4=""),"",IFERROR(FIND(B4,B5)>0,FALSE)) -> FALSE | CK5: =IF(OR(B5="",B4=""),"",IFERROR(FIND(C4,C5)>0,FALSE)) -> FALSE | CL5: =IF(OR(B5="",B4=""),"",IFERROR(FIND(C4,C5),"")) | CM5: {=IF(OR(B5="",B4=""),"",_xlfn.LET(_xlpm.pv,D4,_xlpm.ra,BIGSUB(D5,_xlpm.pv),_xlpm.rb,BIGSUB(_xlpm.ra,_xlpm.pv),_xlpm.rc,BIGSUB(_xlpm.rb,_xlpm.pv),IF(LEFT(_xlpm.rb,1)="-",_xlpm.ra,IF(LEFT(_xlpm.rc,1)="-",_xlpm.rb,_xlpm.rc))))} -> 1 | CN5: =IF(B5="","",F5-0.5) -> -0.5 | CO5: {=IF(B5="","",_xlfn.TEXTJOIN("",,MID(B5,_xlfn.SEQUENCE(LEN(B5),,LEN(B5),-1),1)))} -> 8 | CP5: {=IF(B5="","",BASE2DEC(CO5,16))} -> 8 | CQ5: =IF(B5="","",IF(AND(LEN(B5)<16,LEN(B5)=LEN(SUBSTITUTE(SUBSTITUTE(SUBSTITUTE(SUBSTITUTE(SUBSTITUTE(SUBSTITUTE(B5,"a",""),"b",""),"c",""),"d",""),"e",""),"f",""))),--B5,"")) -> 8 | CR5: {=IF(B5="","",IF(LEN(D5)<=15,BASE2DEC(D5,16),""))} -> 8 | CS5: {=IF(B5="","",_xlfn.LET(_xlpm.p,REPT("0",MOD(-LEN(B5),4))&B5,_xlfn.TEXTJOIN(" ",,MID(_xlpm.p,_xlfn.SEQUENCE(LEN(_xlpm.p)/4,,1,4),4))))} -> 0008 | CT5: {=IF(B5="","",UPPER(_xlfn.LET(_xlpm.p,REPT("0",64-LEN(B5))&B5,_xlfn.TEXTJOIN(" ",,MID(_xlpm.p,_xlfn.SEQUENCE(8,,1,8),8)))))} -> 00000000 00000000 00000000 00000000 00000000 00000000 00000000 00000008 | CU5: {=IF(B5="","",IF(LEN(D5)<=6,_xlfn.LET(_xlpm.n,VALUE(D5),_xlpm.ones,{"","one","two","three","four","five","six","seven","eight","nine","ten","eleven","twelve","thirteen","fourteen","fifteen","sixteen","seventeen","eighteen","nineteen"},_xlpm.tens,{"","","twenty","thirty","forty","fifty","sixty","seventy","eighty","ninety"},_xlpm.f,_xlfn.LAMBDA(_xlpm.x,TRIM(IF(_xlpm.x>=100,INDEX(_xlpm.ones,INT(_xlpm.x/100)+1)&" hundred ","")&IF(MOD(_xlpm.x,100)<20,INDEX(_xlpm.ones,MOD(_xlpm.x,100)+1),INDEX(_xlpm.tens,INT(MOD(_xlpm.x,100)/10)+1)&IF(MOD(_xlpm.x,10)>0,"-"&INDEX(_xlpm.ones,MOD(_xlpm.x,10)+1),"")))),TRIM(IF(_xlpm.n>=1000,_xlpm.f(INT(_xlpm.n/1000))&" thousand ","")&IF(MOD(_xlpm.n,1000)>0,_xlpm.f(MOD(_xlpm.n,1000)),""))),""))} -> eight | CV5: no | CW5: 2 | CX5: 1 | CY5: 2 | CZ5: no | DA5: yes | DB5: 3 | DC5: 0 below 2^3 | DD5: 8 | DE5: 0 | DF5: 6 | DG5: 2 | DH5: even | DI5: cMahea7zqjxrtgAbB7LSGbcQUr1uX1ojuat9jZodMN87N6jaiCXQ | DJ5: muDnu2ZLjxJMxmokQNWUfXbv5692bmye8C | DK5: tb1qjefds6ld7sadyepk9ehxawnwkaj9pqf8v6mezm | DL5: bc1p5ju3f0m0dz3y4hgynde804krzz2grxr8chytzgew4fxmk5lunzlqwe8xsx | DM5: a4b914bf6f68a24add049b7277d6c31094819867c5c8b1232eaa4dbb53fc98be | DN5: T33ydQRKp4FCW5LCLLUB7deioUMoveiwekdwUwyfRDeGdFCPBp4F | DO5: LYvnsBnC1b7ASU2HrwXQ7dTMRJubqCryRA | DP5: ltc1qjefds6ld7sadyepk9ehxawnwkaj9pqf8zq6wpc | DQ5: QNcdLVw8fHkixm6NNyN6nVwxKek4u7qrioRbQmjxac5TZHeZtgye | DR5: DJqw9ER1ELmPifWjRPXfPNZC6EGcyShGGH | DS5: Ai8B5eFcyjUdr/OEP7cPPC8KG90F5a+Iimd4TvPhCioB | DT5: {=IF(B5="","",_xlfn.TEXTJOIN("",,HEX2BIN(MID(BQ5,_xlfn.SEQUENCE(40),1),4)))} -> 1011111001011111110111101011010101001100100001101001110101011000001011001111011110010110110000110100111000101000101101001101001000011000000100111111111110100110
A6: 5 | B6: 15 | C6: 10101 | D6: 21 | E6: 5 | F6: 0.3125 | G6: 3 | H6: 0 | I6: 11101 | J6: 4 | K6: 111 | L6: 25 | M6: l | N6: 10101 | O6: 21 | P6: 11111 | Q6: 11010 | R6: 10 | S6: 1500000000000000000000000000000000000000000000000000000000000000 | T6: 2.625 | U6: 0.6 | V6: KwDiBf89QgGbjEhKnhXJuH7LrciVrZi3qYjgd9M7rFU7Dq8Au4Pv | W6: 5HpHagT65TZzG1PH3CSu63k8DbpvD8s5ip4nEB3kEsreD437Nay | X6: AAAAAAAAAAAAAAAAAAAAAAAAAAAAAAAAAAAAAAAAABU= | Y6: 1000111110011101111111110011100110101000000111101110010010101011110010111010110100101010110110001011101011111111111100001001000001000001010110100010101111101000 | Z6: 4 | AA6: 1 | AB6: 91 | AC6: 1.3416408 | AD6: -1.3416408 | AE6: 2 | AF6: 3 | AG6: 3 | AH6: 12 | AI6: 4.3923174 | AJ6: 2.3219281 | AK6: 01011 | AL6: 11010 | AM6: 01010 | AN6: 1 | AO6: 1 | AP6: 5 | AQ6: 1x1,0x1,1x1,0x1,1x1 | AR6: 2 | AS6: 1 | AT6: 1:1 5:1 | AU6: 0 | AV6: 1 | AW6: 0 | AX6: 10 | AY6: 21 | AZ6: 21 | BA6: 13 | BB6: 5 | BC6: 22 | BD6: 20 | BE6: 0x00 00 00 00 00 00 00 00 00 00 00 00 00 00 00 00 00 00 00 00 00 00 00 00 00 00 00 00 00 00 00 15 | BF6: 0,0,0,0,0,0,0,0,0,0,0,0,0,0,0,0,0,0,0,0,0,0,0,0,0,0,0,0,0,0,0,21 | BG6: ................................ | BH6: 0.0.0.21 | BI6: 25569 | BJ6: l | BK6: AAAAAAAAAAAAAAAAAAAAAAAAAAAAAAAAAAAAAAAAAAAAAAAAAAKQ==== | BL6: AAAAAAAAAAAAAAAAAAAAAAAAAAAAAAAAAAAAAAAAABU | BM6: fffffffffffffffffffffffffffffffebaaedce6af48a03bbfd25e8cd036412c | BN6: 352bbf4a4cdd12564f93fa332ce333301d9ad40271f8107181340aef25be59d5 | BO6: 321eb4075348f534d59c18259dda3e1f4a1b3b2e71b1039c67bd3d8bcf81998c | BP6: 04352bbf4a4cdd12564f93fa332ce333301d9ad40271f8107181340aef25be59d5321eb4075348f534d59c18259dda3e1f4a1b3b2e71b1039c67bd3d8bcf81998c | BQ6: 61f5b379403bcfdac1c05c3746768a14855e6519 | BR6: 19vxtDbLMNasSpbAEZd7va5Qge6d2zYWbp | BS6: 38xPY27A6fiRXHSDRbRkLfV2xQb7UmKpXv | BT6: bc1q37wl7wdgrmj2hjad9tvt4llsjpq452lgkcskpy | BU6: 1.8135954e-76 | BV6: 0011010100101011101111110100101001001100110111010001001001010110010011111001001111111010001100110010110011100011001100110011000000011101100110101101010000000010011100011111100000010000011100011000000100110100000010101110111100100101101111100101100111010101 | BW6: 0 | BX6: 3 | BY6: -2.236068 | BZ6: 0.4472136 | CA6: =IF(B6="","",IF(A6<8,"",_xlfn.LET(_xlpm.n,A6,_xlpm.k,G6,_xlpm.R,AP6,_xlpm.mu,1+2*_xlpm.k*(_xlpm.n-_xlpm.k)/_xlpm.n,_xlpm.v,2*_xlpm.k*(_xlpm.n-_xlpm.k)*(2*_xlpm.k*(_xlpm.n-_xlpm.k)-_xlpm.n)/(_xlpm.n^2*(_xlpm.n-1)),IF(_xlpm.v<=0,"",(_xlpm.R-_xlpm.mu)/SQRT(_xlpm.v))))) | CB6: {=IF(B6="","",IF(A6<8,"",_xlfn.LET(_xlpm.b,--MID(C6,_xlfn.SEQUENCE(A6-1),1),_xlpm.c,--MID(C6,_xlfn.SEQUENCE(A6-1,,2),1),IFERROR(CORREL(_xlpm.b,_xlpm.c),""))))} | CC6: =IF(B6="","",LOG(A6,2)) -> 2.3219281 | CD6: =IF(B6="","",MAX(AN6,AO6)-CC6) -> -1.3219281 | CE6: {=IF(B6="","",IF(LEN(B6)<16,"",_xlfn.LET(_xlpm.d,MID("0123456789abcdef",_xlfn.SEQUENCE(16),1),_xlpm.c,LEN(B6)-LEN(SUBSTITUTE(B6,_xlpm.d,"")),_xlpm.ex,LEN(B6)/16,SUM((_xlpm.c-_xlpm.ex)^2/_xlpm.ex))))} | CF6: =IF(CE6="","",_xlfn.CHISQ.DIST.RT(CE6,15)) | CG6: {=IF(OR(B6="",B5=""),"",_xlfn.LET(_xlpm.a,C6,_xlpm.b,REPT("0",A6-LEN(C5))&C5,_xlpm.m,MID(_xlpm.a,_xlfn.SEQUENCE(A6),1)=MID(_xlpm.b,_xlfn.SEQUENCE(A6),1),IFERROR(MATCH(FALSE,_xlpm.m,0)-1,A6)))} -> 0 | CH6: {=IF(OR(B6="",B5=""),"",_xlfn.LET(_xlpm.a,C6,_xlpm.b,REPT("0",A6-LEN(C5))&C5,_xlpm.n,A6,_xlpm.m,MID(_xlpm.a,_xlfn.SEQUENCE(_xlpm.n,,_xlpm.n,-1),1)=MID(_xlpm.b,_xlfn.SEQUENCE(_xlpm.n,,_xlpm.n,-1),1),IFERROR(MATCH(FALSE,_xlpm.m,0)-1,_xlpm.n)))} -> 0 | CI6: =IF(OR(B6="",B5=""),"",F6-F5) -> 0.3125 | CJ6: =IF(OR(B6="",B5=""),"",IFERROR(FIND(B5,B6)>0,FALSE)) -> FALSE | CK6: =IF(OR(B6="",B5=""),"",IFERROR(FIND(C5,C6)>0,FALSE)) -> FALSE | CL6: =IF(OR(B6="",B5=""),"",IFERROR(FIND(C5,C6),"")) | CM6: {=IF(OR(B6="",B5=""),"",_xlfn.LET(_xlpm.pv,D5,_xlpm.ra,BIGSUB(D6,_xlpm.pv),_xlpm.rb,BIGSUB(_xlpm.ra,_xlpm.pv),_xlpm.rc,BIGSUB(_xlpm.rb,_xlpm.pv),IF(LEFT(_xlpm.rb,1)="-",_xlpm.ra,IF(LEFT(_xlpm.rc,1)="-",_xlpm.rb,_xlpm.rc))))} -> 5 | CN6: =IF(B6="","",F6-0.5) -> -0.1875 | CO6: {=IF(B6="","",_xlfn.TEXTJOIN("",,MID(B6,_xlfn.SEQUENCE(LEN(B6),,LEN(B6),-1),1)))} -> 51 | CP6: {=IF(B6="","",BASE2DEC(CO6,16))} -> 81 | CQ6: =IF(B6="","",IF(AND(LEN(B6)<16,LEN(B6)=LEN(SUBSTITUTE(SUBSTITUTE(SUBSTITUTE(SUBSTITUTE(SUBSTITUTE(SUBSTITUTE(B6,"a",""),"b",""),"c",""),"d",""),"e",""),"f",""))),--B6,"")) -> 15 | CR6: {=IF(B6="","",IF(LEN(D6)<=15,BASE2DEC(D6,16),""))} -> 33 | CS6: {=IF(B6="","",_xlfn.LET(_xlpm.p,REPT("0",MOD(-LEN(B6),4))&B6,_xlfn.TEXTJOIN(" ",,MID(_xlpm.p,_xlfn.SEQUENCE(LEN(_xlpm.p)/4,,1,4),4))))} -> 0015 | CT6: {=IF(B6="","",UPPER(_xlfn.LET(_xlpm.p,REPT("0",64-LEN(B6))&B6,_xlfn.TEXTJOIN(" ",,MID(_xlpm.p,_xlfn.SEQUENCE(8,,1,8),8)))))} -> 00000000 00000000 00000000 00000000 00000000 00000000 00000000 00000015 | CU6: {=IF(B6="","",IF(LEN(D6)<=6,_xlfn.LET(_xlpm.n,VALUE(D6),_xlpm.ones,{"","one","two","three","four","five","six","seven","eight","nine","ten","eleven","twelve","thirteen","fourteen","fifteen","sixteen","seventeen","eighteen","nineteen"},_xlpm.tens,{"","","twenty","thirty","forty","fifty","sixty","seventy","eighty","ninety"},_xlpm.f,_xlfn.LAMBDA(_xlpm.x,TRIM(IF(_xlpm.x>=100,INDEX(_xlpm.ones,INT(_xlpm.x/100)+1)&" hundred ","")&IF(MOD(_xlpm.x,100)<20,INDEX(_xlpm.ones,MOD(_xlpm.x,100)+1),INDEX(_xlpm.tens,INT(MOD(_xlpm.x,100)/10)+1)&IF(MOD(_xlpm.x,10)>0,"-"&INDEX(_xlpm.ones,MOD(_xlpm.x,10)+1),"")))),TRIM(IF(_xlpm.n>=1000,_xlpm.f(INT(_xlpm.n/1000))&" thousand ","")&IF(MOD(_xlpm.n,1000)>0,_xlpm.f(MOD(_xlpm.n,1000)),""))),""))} -> twenty-one | CV6: no | CW6: 3 | CX6: 2 | CY6: 3 × 7 | CZ6: no | DA6: no | DB6: 4 | DC6: 5 above 2^4 | DD6: 21 | DE6: 0 | DF6: 21 | DG6: 0 | DH6: odd | DI6: cMahea7zqjxrtgAbB7LSGbcQUr1uX1ojuat9jZodMN87UaEpLrnP | DJ6: mtcLCJpBX3Yks7H9PhRoTXekh7fhD5LcxK | DK6: tb1q37wl7wdgrmj2hjad9tvt4llsjpq452lgu7t96h | DL6: bc1pssmuqnp7u3eavjvqph0j2f36ar4ejtu7yreykq9vuw528sskwcnqh6t7hx | DM6: 8437c04c3ee473d649800ddf25263ae8eb992f9e20f24b00ace3a8a3c2167626 | DN6: T33ydQRKp4FCW5LCLLUB7deioUMoveiwekdwUwyfRDeGjik62hs1 | DO6: LYKLAU32ngMZLoVgrGSiudWC3LSGTLHNn8 | DP6: ltc1q37wl7wdgrmj2hjad9tvt4llsjpq452lgjy2je5 | DQ6: QNcdLVw8fHkixm6NNyN6nVwxKek4u7qrioRbQmjxac5TfmAaoycD | DR6: DJEUSWfr1S1nczz8QiSzBNc2iFoHappwyx | DS6: AjUrv0pM3RJWT5P6MyzjMzAdmtQCcfgQcYE0Cu8lvlnV | DT6: {=IF(B6="","",_xlfn.TEXTJOIN("",,HEX2BIN(MID(BQ6,_xlfn.SEQUENCE(40),1),4)))} -> 0110000111110101101100110111100101000000001110111100111111011010110000011100000001011100001101110100011001110110100010100001010010000101010111100110010100011001
A7: 6 | B7: 31 | C7: 110001 | D7: 49 | E7: 17 | F7: 0.53125 | G7: 3 | H7: 0 | I7: 100100 | J7: 2 | K7: 301 | L7: 61 | M7: 1h | N7: 100011 | O7: 35 | P7: 101001 | Q7: 101110 | R7: 14 | S7: 3100000000000000000000000000000000000000000000000000000000000000 | T7: 2.3333333 | U7: 0.5 | V7: KwDiBf89QgGbjEhKnhXJuH7LrciVrZi3qYjgd9M7rFU7Tmu6qHxS | W7: 5HpHagT65TZzG1PH3CSu63k8DbpvD8s5ip4nEB3kEsreGAk6qMH | X7: AAAAAAAAAAAAAAAAAAAAAAAAAAAAAAAAAAAAAAAAADE= | Y7: 1111100100111110110000110100111010011110001101001010100011111000111111110111110101100000000011001101101011011000001100000100011110110001101111001011010001011100 | Z7: 4 | AA7: 4 | AB7: 86 | AC7: 0.81649658 | AD7: 0.81649658 | AE7: 2 | AF7: 13 | AG7: 4 | AH7: 94 | AI7: 5.6147098 | AJ7: 4.0874628 | AK7: 100011 | AL7: 111000 | AM7: 001110 | AN7: 3 | AO7: 2 | AP7: 3 | AQ7: 1x2,0x3,1x1 | AR7: 2 | AS7: 1 | AT7: 1:1 3:1 | AU7: 1 | AV7: 4 | AW7: 0 | AX7: 5 | AY7: 49 | AZ7: 49 | BA7: 28 | BB7: 7 | BC7: 50 | BD7: 48 | BE7: 0x00 00 00 00 00 00 00 00 00 00 00 00 00 00 00 00 00 00 00 00 00 00 00 00 00 00 00 00 00 00 00 31 | BF7: 0,0,0,0,0,0,0,0,0,0,0,0,0,0,0,0,0,0,0,0,0,0,0,0,0,0,0,0,0,0,0,49 | BG7: ...............................1 | BH7: 0.0.0.49 | BI7: 25569.001 | BJ7: 1d | BK7: AAAAAAAAAAAAAAAAAAAAAAAAAAAAAAAAAAAAAAAAAAAAAAAAAAYQ==== | BL7: AAAAAAAAAAAAAAAAAAAAAAAAAAAAAAAAAAAAAAAAADE | BM7: fffffffffffffffffffffffffffffffebaaedce6af48a03bbfd25e8cd0364110 | BN7: f2dac991cc4ce4b9ea44887e5c7c0bce58c80074ab9d4dbaeb28531b7739f530 | BO7: e0dedc9b3b2f8dad4da1f32dec2531df9eb5fbeb0598e4fd1a117dba703a3c37 | BP7: 04f2dac991cc4ce4b9ea44887e5c7c0bce58c80074ab9d4dbaeb28531b7739f530e0dedc9b3b2f8dad4da1f32dec2531df9eb5fbeb0598e4fd1a117dba703a3c37 | BQ7: 50178322b20379db4a958958ef4988db6d9e9e20 | BR7: 18JVE1MSS7a2NEhtHJkxhwgvT4hLQYBw3w | BS7: 3BkXwT6CK1dFEVSGbJHzrwNisUGhuWBRwd | BT7: bc1qlylvxn57xj503lmavqxd4kpsg7cmedzuugem3h | BU7: 4.2317226e-76 | BV7: 1111001011011010110010011001000111001100010011001110010010111001111010100100010010001000011111100101110001111100000010111100111001011000110010000000000001110100101010111001110101001101101110101110101100101000010100110001101101110111001110011111010100110000 | BW7: 1 | BX7: 3 | BY7: -1.6329932 | BZ7: 0 | CA7: =IF(B7="","",IF(A7<8,"",_xlfn.LET(_xlpm.n,A7,_xlpm.k,G7,_xlpm.R,AP7,_xlpm.mu,1+2*_xlpm.k*(_xlpm.n-_xlpm.k)/_xlpm.n,_xlpm.v,2*_xlpm.k*(_xlpm.n-_xlpm.k)*(2*_xlpm.k*(_xlpm.n-_xlpm.k)-_xlpm.n)/(_xlpm.n^2*(_xlpm.n-1)),IF(_xlpm.v<=0,"",(_xlpm.R-_xlpm.mu)/SQRT(_xlpm.v))))) | CB7: {=IF(B7="","",IF(A7<8,"",_xlfn.LET(_xlpm.b,--MID(C7,_xlfn.SEQUENCE(A7-1),1),_xlpm.c,--MID(C7,_xlfn.SEQUENCE(A7-1,,2),1),IFERROR(CORREL(_xlpm.b,_xlpm.c),""))))} | CC7: =IF(B7="","",LOG(A7,2)) -> 2.5849625 | CD7: =IF(B7="","",MAX(AN7,AO7)-CC7) -> 0.4150375 | CE7: {=IF(B7="","",IF(LEN(B7)<16,"",_xlfn.LET(_xlpm.d,MID("0123456789abcdef",_xlfn.SEQUENCE(16),1),_xlpm.c,LEN(B7)-LEN(SUBSTITUTE(B7,_xlpm.d,"")),_xlpm.ex,LEN(B7)/16,SUM((_xlpm.c-_xlpm.ex)^2/_xlpm.ex))))} | CF7: =IF(CE7="","",_xlfn.CHISQ.DIST.RT(CE7,15)) | CG7: {=IF(OR(B7="",B6=""),"",_xlfn.LET(_xlpm.a,C7,_xlpm.b,REPT("0",A7-LEN(C6))&C6,_xlpm.m,MID(_xlpm.a,_xlfn.SEQUENCE(A7),1)=MID(_xlpm.b,_xlfn.SEQUENCE(A7),1),IFERROR(MATCH(FALSE,_xlpm.m,0)-1,A7)))} -> 0 | CH7: {=IF(OR(B7="",B6=""),"",_xlfn.LET(_xlpm.a,C7,_xlpm.b,REPT("0",A7-LEN(C6))&C6,_xlpm.n,A7,_xlpm.m,MID(_xlpm.a,_xlfn.SEQUENCE(_xlpm.n,,_xlpm.n,-1),1)=MID(_xlpm.b,_xlfn.SEQUENCE(_xlpm.n,,_xlpm.n,-1),1),IFERROR(MATCH(FALSE,_xlpm.m,0)-1,_xlpm.n)))} -> 2 | CI7: =IF(OR(B7="",B6=""),"",F7-F6) -> 0.21875 | CJ7: =IF(OR(B7="",B6=""),"",IFERROR(FIND(B6,B7)>0,FALSE)) -> FALSE | CK7: =IF(OR(B7="",B6=""),"",IFERROR(FIND(C6,C7)>0,FALSE)) -> FALSE | CL7: =IF(OR(B7="",B6=""),"",IFERROR(FIND(C6,C7),"")) | CM7: {=IF(OR(B7="",B6=""),"",_xlfn.LET(_xlpm.pv,D6,_xlpm.ra,BIGSUB(D7,_xlpm.pv),_xlpm.rb,BIGSUB(_xlpm.ra,_xlpm.pv),_xlpm.rc,BIGSUB(_xlpm.rb,_xlpm.pv),IF(LEFT(_xlpm.rb,1)="-",_xlpm.ra,IF(LEFT(_xlpm.rc,1)="-",_xlpm.rb,_xlpm.rc))))} -> 7 | CN7: =IF(B7="","",F7-0.5) -> 0.03125 | CO7: {=IF(B7="","",_xlfn.TEXTJOIN("",,MID(B7,_xlfn.SEQUENCE(LEN(B7),,LEN(B7),-1),1)))} -> 13 | CP7: {=IF(B7="","",BASE2DEC(CO7,16))} -> 19 | CQ7: =IF(B7="","",IF(AND(LEN(B7)<16,LEN(B7)=LEN(SUBSTITUTE(SUBSTITUTE(SUBSTITUTE(SUBSTITUTE(SUBSTITUTE(SUBSTITUTE(B7,"a",""),"b",""),"c",""),"d",""),"e",""),"f",""))),--B7,"")) -> 31 | CR7: {=IF(B7="","",IF(LEN(D7)<=15,BASE2DEC(D7,16),""))} -> 73 | CS7: {=IF(B7="","",_xlfn.LET(_xlpm.p,REPT("0",MOD(-LEN(B7),4))&B7,_xlfn.TEXTJOIN(" ",,MID(_xlpm.p,_xlfn.SEQUENCE(LEN(_xlpm.p)/4,,1,4),4))))} -> 0031 | CT7: {=IF(B7="","",UPPER(_xlfn.LET(_xlpm.p,REPT("0",64-LEN(B7))&B7,_xlfn.TEXTJOIN(" ",,MID(_xlpm.p,_xlfn.SEQUENCE(8,,1,8),8)))))} -> 00000000 00000000 00000000 00000000 00000000 00000000 00000000 00000031 | CU7: {=IF(B7="","",IF(LEN(D7)<=6,_xlfn.LET(_xlpm.n,VALUE(D7),_xlpm.ones,{"","one","two","three","four","five","six","seven","eight","nine","ten","eleven","twelve","thirteen","fourteen","fifteen","sixteen","seventeen","eighteen","nineteen"},_xlpm.tens,{"","","twenty","thirty","forty","fifty","sixty","seventy","eighty","ninety"},_xlpm.f,_xlfn.LAMBDA(_xlpm.x,TRIM(IF(_xlpm.x>=100,INDEX(_xlpm.ones,INT(_xlpm.x/100)+1)&" hundred ","")&IF(MOD(_xlpm.x,100)<20,INDEX(_xlpm.ones,MOD(_xlpm.x,100)+1),INDEX(_xlpm.tens,INT(MOD(_xlpm.x,100)/10)+1)&IF(MOD(_xlpm.x,10)>0,"-"&INDEX(_xlpm.ones,MOD(_xlpm.x,10)+1),"")))),TRIM(IF(_xlpm.n>=1000,_xlpm.f(INT(_xlpm.n/1000))&" thousand ","")&IF(MOD(_xlpm.n,1000)>0,_xlpm.f(MOD(_xlpm.n,1000)),""))),""))} -> forty-nine | CV7: no | CW7: 7 | CX7: 1 | CY7: 7 | CZ7: yes | DA7: no | DB7: 6 | DC7: 15 below 2^6 | DD7: 55 | DE7: 6 | DF7: 45 | DG7: 4 | DH7: odd | DI7: cMahea7zqjxrtgAbB7LSGbcQUr1uX1ojuat9jZodMN87iWuZkMNo | DJ7: n4EqjfTKnqTXz6AcJCB4wB8yKnGUinug6t | DK7: tb1qlylvxn57xj503lmavqxd4kpsg7cmedzukwzg2y | DL7: bc1plf7y7rs8y0z844yadzmtpg5rre439v4le07p99008edwnlt2tu4srzvtaw | DM7: fa7c4f0e0723c47ad49d68b6b0a2831e6b12b2bfcbfc1295ef3e5ae9fd6a5f2b | DN7: T33ydQRKp4FCW5LCLLUB7deioUMoveiwekdwUwyfRDeGyfMu7Wd2 | DO7: LhwqhpgB4UGLTnP9kmBzPGzQg133vnMf5y | DP7: ltc1qlylvxn57xj503lmavqxd4kpsg7cmedzuc5rlf8 | DQ7: QNcdLVw8fHkixm6NNyN6nVwxKek4u7qrioRbQmjxac5TuhsaBucn | DR7: DTryysJzHDvZjysbKDCFf26FLvQ5AdFGC8 | DS7: A/LayZHMTOS56kSIflx8C85YyAB0q51NuusoUxt3OfUw | DT7: {=IF(B7="","",_xlfn.TEXTJOIN("",,HEX2BIN(MID(BQ7,_xlfn.SEQUENCE(40),1),4)))} -> 0101000000010111100000110010001010110010000000110111100111011011010010101001010110001001010110001110111101001001100010001101101101101101100111101001111000100000
A8: 7 | B8: 4c | C8: 1001100 | D8: 76 | E8: 12 | F8: 0.1875 | G8: 3 | H8: 2 | I8: 1111101 | J8: 6 | K8: 1030 | L8: 114 | M8: 2c | N8: 0011001 | O8: 25 | P8: 1101010 | Q8: 1110011 | R8: 51 | S8: 4c00000000000000000000000000000000000000000000000000000000000000 | T8: 1.5510204 | U8: 0.42857143 | V8: KwDiBf89QgGbjEhKnhXJuH7LrciVrZi3qYjgd9M7rFU7hDgvu64y | W8: 5HpHagT65TZzG1PH3CSu63k8DbpvD8s5ip4nEB3kEsreKD614Nu | X8: AAAAAAAAAAAAAAAAAAAAAAAAAAAAAAAAAAAAAAAAAEw= | Y8: 1110001000011001001011101000101001111101110110001101110100011100100010000011001000011001010110011011010001110111100101101000101110010100000110101010100101110011 | Z8: 6 | AA8: 5 | AB8: 79 | AC8: 1.8898224 | AD8: 1.1338934 | AE8: 2 | AF8: 13 | AG8: 4 | AH8: 67 | AI8: 6.2479275 | AJ8: 3.5849625 | AK8: 0011001 | AL8: 0100110 | AM8: 0110011 | AN8: 2 | AO8: 2 | AP8: 4 | AQ8: 1x1,0x2,1x2,0x2 | AR8: 2 | AS8: 4 | AT8: 4:1 c:1 | AU8: 1 | AV8: 1 | AW8: 6 | AX8: 10 | AY8: 76 | AZ8: 76 | BA8: 27 | BB8: -22 | BC8: 77 | BD8: 75 | BE8: 0x00 00 00 00 00 00 00 00 00 00 00 00 00 00 00 00 00 00 00 00 00 00 00 00 00 00 00 00 00 00 00 4c | BF8: 0,0,0,0,0,0,0,0,0,0,0,0,0,0,0,0,0,0,0,0,0,0,0,0,0,0,0,0,0,0,0,76 | BG8: ...............................L | BH8: 0.0.0.76 | BI8: 25569.001 | BJ8: 24 | BK8: AAAAAAAAAAAAAAAAAAAAAAAAAAAAAAAAAAAAAAAAAAAAAAAAABGA==== | BL8: AAAAAAAAAAAAAAAAAAAAAAAAAAAAAAAAAAAAAAAAAEw | BM8: fffffffffffffffffffffffffffffffebaaedce6af48a03bbfd25e8cd03640f5 | BN8: 96516a8f65774275278d0d7420a88df0ac44bd64c7bae07c3fe397c5b3300b23 | BO8: bdacd9a05fb9fb73108c0a99d567fba9b2f75ab36207e1557f6bf255f1337ff0 | BP8: 0496516a8f65774275278d0d7420a88df0ac44bd64c7bae07c3fe397c5b3300b23bdacd9a05fb9fb73108c0a99d567fba9b2f75ab36207e1557f6bf255f1337ff0 | BQ8: 9362a33d628569a2edf58c037bed601c78556497 | BR8: 1ESJVfV5UVERkWgVNfMjsLwJT88yMJHi8R | BS8: 33NmypyeTdoE2tdj2tZwAQMCRranteifcy | BT8: bc1qugvjaznamrw3ezpjr9vmgauk3w2p42tn3txcnx | BU8: 6.5634881e-76 | BV8: 1001011001010001011010101000111101100101011101110100001001110101001001111000110100001101011101000010000010101000100011011111000010101100010001001011110101100100110001111011101011100000011111000011111111100011100101111100010110110011001100000000101100100011 | BW8: 6 | BX8: 3 | BY8: 1.8898224 | BZ8: -0.37796447 | CA8: =IF(B8="","",IF(A8<8,"",_xlfn.LET(_xlpm.n,A8,_xlpm.k,G8,_xlpm.R,AP8,_xlpm.mu,1+2*_xlpm.k*(_xlpm.n-_xlpm.k)/_xlpm.n,_xlpm.v,2*_xlpm.k*(_xlpm.n-_xlpm.k)*(2*_xlpm.k*(_xlpm.n-_xlpm.k)-_xlpm.n)/(_xlpm.n^2*(_xlpm.n-1)),IF(_xlpm.v<=0,"",(_xlpm.R-_xlpm.mu)/SQRT(_xlpm.v))))) | CB8: {=IF(B8="","",IF(A8<8,"",_xlfn.LET(_xlpm.b,--MID(C8,_xlfn.SEQUENCE(A8-1),1),_xlpm.c,--MID(C8,_xlfn.SEQUENCE(A8-1,,2),1),IFERROR(CORREL(_xlpm.b,_xlpm.c),""))))} | CC8: =IF(B8="","",LOG(A8,2)) -> 2.8073549 | CD8: =IF(B8="","",MAX(AN8,AO8)-CC8) -> -0.80735492 | CE8: {=IF(B8="","",IF(LEN(B8)<16,"",_xlfn.LET(_xlpm.d,MID("0123456789abcdef",_xlfn.SEQUENCE(16),1),_xlpm.c,LEN(B8)-LEN(SUBSTITUTE(B8,_xlpm.d,"")),_xlpm.ex,LEN(B8)/16,SUM((_xlpm.c-_xlpm.ex)^2/_xlpm.ex))))} | CF8: =IF(CE8="","",_xlfn.CHISQ.DIST.RT(CE8,15)) | CG8: {=IF(OR(B8="",B7=""),"",_xlfn.LET(_xlpm.a,C8,_xlpm.b,REPT("0",A8-LEN(C7))&C7,_xlpm.m,MID(_xlpm.a,_xlfn.SEQUENCE(A8),1)=MID(_xlpm.b,_xlfn.SEQUENCE(A8),1),IFERROR(MATCH(FALSE,_xlpm.m,0)-1,A8)))} -> 0 | CH8: {=IF(OR(B8="",B7=""),"",_xlfn.LET(_xlpm.a,C8,_xlpm.b,REPT("0",A8-LEN(C7))&C7,_xlpm.n,A8,_xlpm.m,MID(_xlpm.a,_xlfn.SEQUENCE(_xlpm.n,,_xlpm.n,-1),1)=MID(_xlpm.b,_xlfn.SEQUENCE(_xlpm.n,,_xlpm.n,-1),1),IFERROR(MATCH(FALSE,_xlpm.m,0)-1,_xlpm.n)))} -> 0 | CI8: =IF(OR(B8="",B7=""),"",F8-F7) -> -0.34375 | CJ8: =IF(OR(B8="",B7=""),"",IFERROR(FIND(B7,B8)>0,FALSE)) -> FALSE | CK8: =IF(OR(B8="",B7=""),"",IFERROR(FIND(C7,C8)>0,FALSE)) -> FALSE | CL8: =IF(OR(B8="",B7=""),"",IFERROR(FIND(C7,C8),"")) | CM8: {=IF(OR(B8="",B7=""),"",_xlfn.LET(_xlpm.pv,D7,_xlpm.ra,BIGSUB(D8,_xlpm.pv),_xlpm.rb,BIGSUB(_xlpm.ra,_xlpm.pv),_xlpm.rc,BIGSUB(_xlpm.rb,_xlpm.pv),IF(LEFT(_xlpm.rb,1)="-",_xlpm.ra,IF(LEFT(_xlpm.rc,1)="-",_xlpm.rb,_xlpm.rc))))} -> 27 | CN8: =IF(B8="","",F8-0.5) -> -0.3125 | CO8: {=IF(B8="","",_xlfn.TEXTJOIN("",,MID(B8,_xlfn.SEQUENCE(LEN(B8),,LEN(B8),-1),1)))} -> c4 | CP8: {=IF(B8="","",BASE2DEC(CO8,16))} -> 196 | CQ8: =IF(B8="","",IF(AND(LEN(B8)<16,LEN(B8)=LEN(SUBSTITUTE(SUBSTITUTE(SUBSTITUTE(SUBSTITUTE(SUBSTITUTE(SUBSTITUTE(B8,"a",""),"b",""),"c",""),"d",""),"e",""),"f",""))),--B8,"")) | CR8: {=IF(B8="","",IF(LEN(D8)<=15,BASE2DEC(D8,16),""))} -> 118 | CS8: {=IF(B8="","",_xlfn.LET(_xlpm.p,REPT("0",MOD(-LEN(B8),4))&B8,_xlfn.TEXTJOIN(" ",,MID(_xlpm.p,_xlfn.SEQUENCE(LEN(_xlpm.p)/4,,1,4),4))))} -> 004c | CT8: {=IF(B8="","",UPPER(_xlfn.LET(_xlpm.p,REPT("0",64-LEN(B8))&B8,_xlfn.TEXTJOIN(" ",,MID(_xlpm.p,_xlfn.SEQUENCE(8,,1,8),8)))))} -> 00000000 00000000 00000000 00000000 00000000 00000000 00000000 0000004C | CU8: {=IF(B8="","",IF(LEN(D8)<=6,_xlfn.LET(_xlpm.n,VALUE(D8),_xlpm.ones,{"","one","two","three","four","five","six","seven","eight","nine","ten","eleven","twelve","thirteen","fourteen","fifteen","sixteen","seventeen","eighteen","nineteen"},_xlpm.tens,{"","","twenty","thirty","forty","fifty","sixty","seventy","eighty","ninety"},_xlpm.f,_xlfn.LAMBDA(_xlpm.x,TRIM(IF(_xlpm.x>=100,INDEX(_xlpm.ones,INT(_xlpm.x/100)+1)&" hundred ","")&IF(MOD(_xlpm.x,100)<20,INDEX(_xlpm.ones,MOD(_xlpm.x,100)+1),INDEX(_xlpm.tens,INT(MOD(_xlpm.x,100)/10)+1)&IF(MOD(_xlpm.x,10)>0,"-"&INDEX(_xlpm.ones,MOD(_xlpm.x,10)+1),"")))),TRIM(IF(_xlpm.n>=1000,_xlpm.f(INT(_xlpm.n/1000))&" thousand ","")&IF(MOD(_xlpm.n,1000)>0,_xlpm.f(MOD(_xlpm.n,1000)),""))),""))} -> seventy-six | CV8: no | CW8: 2 | CX8: 2 | CY8: 2 × 19 | CZ8: no | DA8: no | DB8: 6 | DC8: 12 above 2^6 | DD8: 89 | DE8: 13 | DF8: 78 | DG8: 2 | DH8: even | DI8: cMahea7zqjxrtgAbB7LSGbcQUr1uX1ojuat9jZodMN87wxnxLPqt | DJ8: n28TB51LhDdNktZCsWetq3FNqCD3X8B2gF | DK8: tb1qugvjaznamrw3ezpjr9vmgauk3w2p42tnmdatg4 | DL8: bc1pp5mtkgk6rv7se4x92ladpe458kr8nd6q9c08xnyztkjekwmq96zsdhuy6y | DM8: 0d36bb22da1b3d0cd4c557fad0e6b43d8679b7402e1e734c825da59b3b602e85 | DN8: T33ydQRKp4FCW5LCLLUB7deioUMoveiwekdwUwyfRDeHD7GFm2Fn | DO8: LfqT9EEBxrSBEamkL5fpH96pBQycgDzwK2 | DP8: ltc1qugvjaznamrw3ezpjr9vmgauk3w2p42tn4huutk | DQ8: QNcdLVw8fHkixm6NNyN6nVwxKek4u7qrioRbQmjxac5U99bvf63v | DR8: DRkbRGs1Bc6QWnGBtXg5YtCerLLdsm1FAY | DS8: ApZRao9ld0J1J40NdCCojfCsRL1kx7rgfD/jl8WzMAsj | DT8: {=IF(B8="","",_xlfn.TEXTJOIN("",,HEX2BIN(MID(BQ8,_xlfn.SEQUENCE(40),1),4)))} -> 1001001101100010101000110011110101100010100001010110100110100010111011011111010110001100000000110111101111101101011000000001110001111000010101010110010010010111
A9: 8 | B9: e0 | C9: 11100000 | D9: 224 | E9: 96 | F9: 0.75 | G9: 3 | H9: 5 | I9: 10101100 | J9: 4 | K9: 3200 | L9: 340 | M9: 70 | N9: 00000111 | O9: 7 | P9: 10010000 | Q9: 10011111 | R9: 31 | S9: e000000000000000000000000000000000000000000000000000000000000000 | T9: 2.9473684 | U9: 0.375 | V9: KwDiBf89QgGbjEhKnhXJuH7LrciVrZi3qYjgd9M7rFU8xvGK1zpm | W9: 5HpHagT65TZzG1PH3CSu63k8DbpvD8s5ip4nEB3kEsrebwE4gQs | X9: AAAAAAAAAAAAAAAAAAAAAAAAAAAAAAAAAAAAAAAAAOA= | Y9: 1101110011100111011010110010011000010011000001010010111010100000000100100010000001000100000001001010100101111011001111000010010111101010110000110001011100010101 | Z9: 6 | AA9: 4 | AB9: 72 | AC9: 1.4142136 | AD9: 0 | AE9: 3 | AF9: 8 | AG9: 8 | AH9: 422 | AI9: 7.8073549 | AJ9: 6.5849625 | AK9: 11000001 | AL9: 01110000 | AM9: 00011111 | AN9: 5 | AO9: 3 | AP9: 2 | AQ9: 1x3,0x5 | AR9: 2 | AS9: 0 | AT9: 0:1 e:1 | AU9: 2 | AV9: 4 | AW9: 0 | AX9: 4 | AY9: 224 | AZ9: 224 | BA9: 148 | BB9: 72 | BC9: 225 | BD9: 223 | BE9: 0x00 00 00 00 00 00 00 00 00 00 00 00 00 00 00 00 00 00 00 00 00 00 00 00 00 00 00 00 00 00 00 e0 | BF9: 0,0,0,0,0,0,0,0,0,0,0,0,0,0,0,0,0,0,0,0,0,0,0,0,0,0,0,0,0,0,0,224 | BG9: ................................ | BH9: 0.0.0.224 | BI9: 25569.003 | BJ9: 68 | BK9: AAAAAAAAAAAAAAAAAAAAAAAAAAAAAAAAAAAAAAAAAAAAAAAAADQA==== | BL9: AAAAAAAAAAAAAAAAAAAAAAAAAAAAAAAAAAAAAAAAAOA | BM9: fffffffffffffffffffffffffffffffebaaedce6af48a03bbfd25e8cd0364061 | BN9: 08bc89c2f919ed158885c35600844d49890905c79b357322609c45706ce6b514 | BO9: d313f3cdd7cdcc16de776fec3b5892c1172d3056112776f06f63f4cea8c95157 | BP9: 0408bc89c2f919ed158885c35600844d49890905c79b357322609c45706ce6b514d313f3cdd7cdcc16de776fec3b5892c1172d3056112776f06f63f4cea8c95157 | BQ9: b2546b4cb502e9ff3a0f9539ddea69d3a1cf2780 | BR9: 1HFvQh3dVFPae3JaFjL5Mpua9Zbg9Y6FrK | BS9: 384CGuTAFqcvTJ1DEnmTn7NQe3kSoBdP69 | BT9: bc1qmnnkkfsnq5h2qy3qgsz2j7euyh4vx9c4ct6tuv | BU9: 1.9345018e-75 | BV9: 0000100010111100100010011100001011111001000110011110110100010101100010001000010111000011010101100000000010000100010011010100100110001001000010010000010111000111100110110011010101110011001000100110000010011100010001010111000001101100111001101011010100010100 | BW9: 5 | BX9: 4 | BY9: 0.70710678 | BZ9: 0 | CA9: =IF(B9="","",IF(A9<8,"",_xlfn.LET(_xlpm.n,A9,_xlpm.k,G9,_xlpm.R,AP9,_xlpm.mu,1+2*_xlpm.k*(_xlpm.n-_xlpm.k)/_xlpm.n,_xlpm.v,2*_xlpm.k*(_xlpm.n-_xlpm.k)*(2*_xlpm.k*(_xlpm.n-_xlpm.k)-_xlpm.n)/(_xlpm.n^2*(_xlpm.n-1)),IF(_xlpm.v<=0,"",(_xlpm.R-_xlpm.mu)/SQRT(_xlpm.v))))) -> -2.2656861 | CB9: {=IF(B9="","",IF(A9<8,"",_xlfn.LET(_xlpm.b,--MID(C9,_xlfn.SEQUENCE(A9-1),1),_xlpm.c,--MID(C9,_xlfn.SEQUENCE(A9-1,,2),1),IFERROR(CORREL(_xlpm.b,_xlpm.c),""))))} -> 0.73029674 | CC9: =IF(B9="","",LOG(A9,2)) -> 3 | CD9: =IF(B9="","",MAX(AN9,AO9)-CC9) -> 2 | CE9: {=IF(B9="","",IF(LEN(B9)<16,"",_xlfn.LET(_xlpm.d,MID("0123456789abcdef",_xlfn.SEQUENCE(16),1),_xlpm.c,LEN(B9)-LEN(SUBSTITUTE(B9,_xlpm.d,"")),_xlpm.ex,LEN(B9)/16,SUM((_xlpm.c-_xlpm.ex)^2/_xlpm.ex))))} | CF9: =IF(CE9="","",_xlfn.CHISQ.DIST.RT(CE9,15)) | CG9: {=IF(OR(B9="",B8=""),"",_xlfn.LET(_xlpm.a,C9,_xlpm.b,REPT("0",A9-LEN(C8))&C8,_xlpm.m,MID(_xlpm.a,_xlfn.SEQUENCE(A9),1)=MID(_xlpm.b,_xlfn.SEQUENCE(A9),1),IFERROR(MATCH(FALSE,_xlpm.m,0)-1,A9)))} -> 0 | CH9: {=IF(OR(B9="",B8=""),"",_xlfn.LET(_xlpm.a,C9,_xlpm.b,REPT("0",A9-LEN(C8))&C8,_xlpm.n,A9,_xlpm.m,MID(_xlpm.a,_xlfn.SEQUENCE(_xlpm.n,,_xlpm.n,-1),1)=MID(_xlpm.b,_xlfn.SEQUENCE(_xlpm.n,,_xlpm.n,-1),1),IFERROR(MATCH(FALSE,_xlpm.m,0)-1,_xlpm.n)))} -> 2 | CI9: =IF(OR(B9="",B8=""),"",F9-F8) -> 0.5625 | CJ9: =IF(OR(B9="",B8=""),"",IFERROR(FIND(B8,B9)>0,FALSE)) -> FALSE | CK9: =IF(OR(B9="",B8=""),"",IFERROR(FIND(C8,C9)>0,FALSE)) -> FALSE | CL9: =IF(OR(B9="",B8=""),"",IFERROR(FIND(C8,C9),"")) | CM9: {=IF(OR(B9="",B8=""),"",_xlfn.LET(_xlpm.pv,D8,_xlpm.ra,BIGSUB(D9,_xlpm.pv),_xlpm.rb,BIGSUB(_xlpm.ra,_xlpm.pv),_xlpm.rc,BIGSUB(_xlpm.rb,_xlpm.pv),IF(LEFT(_xlpm.rb,1)="-",_xlpm.ra,IF(LEFT(_xlpm.rc,1)="-",_xlpm.rb,_xlpm.rc))))} -> 72 | CN9: =IF(B9="","",F9-0.5) -> 0.25 | CO9: {=IF(B9="","",_xlfn.TEXTJOIN("",,MID(B9,_xlfn.SEQUENCE(LEN(B9),,LEN(B9),-1),1)))} -> 0e | CP9: {=IF(B9="","",BASE2DEC(CO9,16))} -> 14 | CQ9: =IF(B9="","",IF(AND(LEN(B9)<16,LEN(B9)=LEN(SUBSTITUTE(SUBSTITUTE(SUBSTITUTE(SUBSTITUTE(SUBSTITUTE(SUBSTITUTE(B9,"a",""),"b",""),"c",""),"d",""),"e",""),"f",""))),--B9,"")) | CR9: {=IF(B9="","",IF(LEN(D9)<=15,BASE2DEC(D9,16),""))} -> 548 | CS9: {=IF(B9="","",_xlfn.LET(_xlpm.p,REPT("0",MOD(-LEN(B9),4))&B9,_xlfn.TEXTJOIN(" ",,MID(_xlpm.p,_xlfn.SEQUENCE(LEN(_xlpm.p)/4,,1,4),4))))} -> 00e0 | CT9: {=IF(B9="","",UPPER(_xlfn.LET(_xlpm.p,REPT("0",64-LEN(B9))&B9,_xlfn.TEXTJOIN(" ",,MID(_xlpm.p,_xlfn.SEQUENCE(8,,1,8),8)))))} -> 00000000 00000000 00000000 00000000 00000000 00000000 00000000 000000E0 | CU9: {=IF(B9="","",IF(LEN(D9)<=6,_xlfn.LET(_xlpm.n,VALUE(D9),_xlpm.ones,{"","one","two","three","four","five","six","seven","eight","nine","ten","eleven","twelve","thirteen","fourteen","fifteen","sixteen","seventeen","eighteen","nineteen"},_xlpm.tens,{"","","twenty","thirty","forty","fifty","sixty","seventy","eighty","ninety"},_xlpm.f,_xlfn.LAMBDA(_xlpm.x,TRIM(IF(_xlpm.x>=100,INDEX(_xlpm.ones,INT(_xlpm.x/100)+1)&" hundred ","")&IF(MOD(_xlpm.x,100)<20,INDEX(_xlpm.ones,MOD(_xlpm.x,100)+1),INDEX(_xlpm.tens,INT(MOD(_xlpm.x,100)/10)+1)&IF(MOD(_xlpm.x,10)>0,"-"&INDEX(_xlpm.ones,MOD(_xlpm.x,10)+1),"")))),TRIM(IF(_xlpm.n>=1000,_xlpm.f(INT(_xlpm.n/1000))&" thousand ","")&IF(MOD(_xlpm.n,1000)>0,_xlpm.f(MOD(_xlpm.n,1000)),""))),""))} -> two hundred twenty-four | CV9: no | CW9: 2 | CX9: 2 | CY9: 2 × 7 | CZ9: no | DA9: no | DB9: 8 | DC9: 32 below 2^8 | DD9: 233 | DE9: 9 | DF9: 231 | DG9: 7 | DH9: even | DI9: cMahea7zqjxrtgAbB7LSGbcQUr1uX1ojuat9jZodMN89DfPD7k9d | DJ9: n1ezBVvMaRmoi9XHcku7bZnxarHiwAZ4bg | DK9: tb1qmnnkkfsnq5h2qy3qgsz2j7euyh4vx9c4jdpc8l | DL9: bc1pxmgex4kujlzcmkn27k86pvpnqjs8g8e6e2ga4mh78mf8f6dalfvq5wl6xd | DM9: 36d19356dc97c58dda6af58fa0b03304a0741f3aca91daeefe3ed274e9bdfa58 | DN9: T33ydQRKp4FCW5LCLLUB7deioUMoveiwekdwUwyfRDeJUoqCYAAn | DO9: LfMz9f9Cr4acBqjq5Kv33fePw54JAXU6yB | DP9: ltc1qmnnkkfsnq5h2qy3qgsz2j7euyh4vx9c4uhq0yu | DQ9: QNcdLVw8fHkixm6NNyN6nVwxKek4u7qrioRbQmjxac5VQrGGncX2 | DR9: DRH8Rhn24pEqU3EGdmvJKQkEbzRKKKggmh | DS9: Awi8icL5Ge0ViIXDVgCETUmJCQXHmzVzImCcRXBs5rUU | DT9: {=IF(B9="","",_xlfn.TEXTJOIN("",,HEX2BIN(MID(BQ9,_xlfn.SEQUENCE(40),1),4)))} -> 1011001001010100011010110100110010110101000000101110100111111111001110100000111110010101001110011101110111101010011010011101001110100001110011110010011110000000
A10: 9 | B10: 1d3 | C10: 111010011 | D10: 467 | E10: 211 | F10: 0.82421875 | G10: 6 | H10: 0 | I10: 100110011 | J10: 5 | K10: 13103 | L10: 723 | M10: ej | N10: 110010111 | O10: 407 | P10: 100111010 | Q10: 100101100 | R10: 44 | S10: d301000000000000000000000000000000000000000000000000000000000000 | T10: 2.0848214 | U10: 0.66666667 | V10: KwDiBf89QgGbjEhKnhXJuH7LrciVrZi3qYjgd9M7rFUB3vfDKcxZ | W10: 5HpHagT65TZzG1PH3CSu63k8DbpvD8s5ip4nEB3kEsrf5KgGj3x | X10: AAAAAAAAAAAAAAAAAAAAAAAAAAAAAAAAAAAAAAAAAdM= | Y10: 0111110100001111011011000110010010101111101101000001100110111011110101111110100101110001111010010100001111010111010000000100101100001110000011011010101010110100 | Z10: 6 | AA10: 4 | AB10: 86 | AC10: 1 | AD10: -0.33333333 | AE10: 3 | AF10: 17 | AG10: 8 | AH10: 764 | AI10: 8.8672787 | AJ10: 7.7210992 | AK10: 110100111 | AL10: 111101001 | AM10: 000101100 | AN10: 2 | AO10: 3 | AP10: 5 | AQ10: 1x3,0x1,1x1,0x2,1x2 | AR10: 3 | AS10: 1 | AT10: 1:1 3:1 d:1 | AU10: 2 | AV10: 2 | AW10: 5 | AX10: 5 | AY10: 211 | AZ10: 467 | BA10: 243 | BB10: 19 | BC10: 468 | BD10: 466 | BE10: 0x00 00 00 00 00 00 00 00 00 00 00 00 00 00 00 00 00 00 00 00 00 00 00 00 00 00 00 00 00 00 01 d3 | BF10: 0,0,0,0,0,0,0,0,0,0,0,0,0,0,0,0,0,0,0,0,0,0,0,0,0,0,0,0,0,0,1,211 | BG10: ................................ | BH10: 0.0.1.211 | BI10: 25569.005 | BJ10: cz | BK10: AAAAAAAAAAAAAAAAAAAAAAAAAAAAAAAAAAAAAAAAAAAAAAAAAHJQ==== | BL10: AAAAAAAAAAAAAAAAAAAAAAAAAAAAAAAAAAAAAAAAAdM | BM10: fffffffffffffffffffffffffffffffebaaedce6af48a03bbfd25e8cd0363f6e | BN10: 43601d61c836387485e9514ab5c8924dd2cfd466af34ac95002727e1659d60f7 | BO10: 8791c0007c09c94db328034b88c5bbbc113335366679eb099a5e75b583bc2c2a | BP10: 0443601d61c836387485e9514ab5c8924dd2cfd466af34ac95002727e1659d60f78791c0007c09c94db328034b88c5bbbc113335366679eb099a5e75b583bc2c2a | BQ10: 81b8dfa29ee8569a04e37dc091c6b072f32b6707 | BR10: 1CpudzGLUutTRM8wFu2BRQJNo11CzpMmHH | BS10: 3FgyX6YmQq1XN29KCjbDPAiZPCh72EYeSH | BT10: bc1q058kce90ksvmh4lfw855846qfv8qm2457xqm7h | BU10: 4.0330907e-75 | BV10: 0100001101100000000111010110000111001000001101100011100001110100100001011110100101010001010010101011010111001000100100100100110111010010110011111101010001100110101011110011010010101100100101010000000000100111001001111110000101100101100111010110000011110111 | BW10: 3 | BX10: 5 | BY10: -1 | BZ10: 0.33333333 | CA10: =IF(B10="","",IF(A10<8,"",_xlfn.LET(_xlpm.n,A10,_xlpm.k,G10,_xlpm.R,AP10,_xlpm.mu,1+2*_xlpm.k*(_xlpm.n-_xlpm.k)/_xlpm.n,_xlpm.v,2*_xlpm.k*(_xlpm.n-_xlpm.k)*(2*_xlpm.k*(_xlpm.n-_xlpm.k)-_xlpm.n)/(_xlpm.n^2*(_xlpm.n-1)),IF(_xlpm.v<=0,"",(_xlpm.R-_xlpm.mu)/SQRT(_xlpm.v))))) -> 0 | CB10: {=IF(B10="","",IF(A10<8,"",_xlfn.LET(_xlpm.b,--MID(C10,_xlfn.SEQUENCE(A10-1),1),_xlpm.c,--MID(C10,_xlfn.SEQUENCE(A10-1,,2),1),IFERROR(CORREL(_xlpm.b,_xlpm.c),""))))} -> -0.066666667 | CC10: =IF(B10="","",LOG(A10,2)) -> 3.169925 | CD10: =IF(B10="","",MAX(AN10,AO10)-CC10) -> -0.169925 | CE10: {=IF(B10="","",IF(LEN(B10)<16,"",_xlfn.LET(_xlpm.d,MID("0123456789abcdef",_xlfn.SEQUENCE(16),1),_xlpm.c,LEN(B10)-LEN(SUBSTITUTE(B10,_xlpm.d,"")),_xlpm.ex,LEN(B10)/16,SUM((_xlpm.c-_xlpm.ex)^2/_xlpm.ex))))} | CF10: =IF(CE10="","",_xlfn.CHISQ.DIST.RT(CE10,15)) | CG10: {=IF(OR(B10="",B9=""),"",_xlfn.LET(_xlpm.a,C10,_xlpm.b,REPT("0",A10-LEN(C9))&C9,_xlpm.m,MID(_xlpm.a,_xlfn.SEQUENCE(A10),1)=MID(_xlpm.b,_xlfn.SEQUENCE(A10),1),IFERROR(MATCH(FALSE,_xlpm.m,0)-1,A10)))} -> 0 | CH10: {=IF(OR(B10="",B9=""),"",_xlfn.LET(_xlpm.a,C10,_xlpm.b,REPT("0",A10-LEN(C9))&C9,_xlpm.n,A10,_xlpm.m,MID(_xlpm.a,_xlfn.SEQUENCE(_xlpm.n,,_xlpm.n,-1),1)=MID(_xlpm.b,_xlfn.SEQUENCE(_xlpm.n,,_xlpm.n,-1),1),IFERROR(MATCH(FALSE,_xlpm.m,0)-1,_xlpm.n)))} -> 0 | CI10: =IF(OR(B10="",B9=""),"",F10-F9) -> 0.07421875 | CJ10: =IF(OR(B10="",B9=""),"",IFERROR(FIND(B9,B10)>0,FALSE)) -> FALSE | CK10: =IF(OR(B10="",B9=""),"",IFERROR(FIND(C9,C10)>0,FALSE)) -> FALSE | CL10: =IF(OR(B10="",B9=""),"",IFERROR(FIND(C9,C10),"")) | CM10: {=IF(OR(B10="",B9=""),"",_xlfn.LET(_xlpm.pv,D9,_xlpm.ra,BIGSUB(D10,_xlpm.pv),_xlpm.rb,BIGSUB(_xlpm.ra,_xlpm.pv),_xlpm.rc,BIGSUB(_xlpm.rb,_xlpm.pv),IF(LEFT(_xlpm.rb,1)="-",_xlpm.ra,IF(LEFT(_xlpm.rc,1)="-",_xlpm.rb,_xlpm.rc))))} -> 19 | CN10: =IF(B10="","",F10-0.5) -> 0.32421875 | CO10: {=IF(B10="","",_xlfn.TEXTJOIN("",,MID(B10,_xlfn.SEQUENCE(LEN(B10),,LEN(B10),-1),1)))} -> 3d1 | CP10: {=IF(B10="","",BASE2DEC(CO10,16))} -> 977 | CQ10: =IF(B10="","",IF(AND(LEN(B10)<16,LEN(B10)=LEN(SUBSTITUTE(SUBSTITUTE(SUBSTITUTE(SUBSTITUTE(SUBSTITUTE(SUBSTITUTE(B10,"a",""),"b",""),"c",""),"d",""),"e",""),"f",""))),--B10,"")) | CR10: {=IF(B10="","",IF(LEN(D10)<=15,BASE2DEC(D10,16),""))} -> 1127 | CS10: {=IF(B10="","",_xlfn.LET(_xlpm.p,REPT("0",MOD(-LEN(B10),4))&B10,_xlfn.TEXTJOIN(" ",,MID(_xlpm.p,_xlfn.SEQUENCE(LEN(_xlpm.p)/4,,1,4),4))))} -> 01d3 | CT10: {=IF(B10="","",UPPER(_xlfn.LET(_xlpm.p,REPT("0",64-LEN(B10))&B10,_xlfn.TEXTJOIN(" ",,MID(_xlpm.p,_xlfn.SEQUENCE(8,,1,8),8)))))} -> 00000000 00000000 00000000 00000000 00000000 00000000 00000000 000001D3 | CU10: {=IF(B10="","",IF(LEN(D10)<=6,_xlfn.LET(_xlpm.n,VALUE(D10),_xlpm.ones,{"","one","two","three","four","five","six","seven","eight","nine","ten","eleven","twelve","thirteen","fourteen","fifteen","sixteen","seventeen","eighteen","nineteen"},_xlpm.tens,{"","","twenty","thirty","forty","fifty","sixty","seventy","eighty","ninety"},_xlpm.f,_xlfn.LAMBDA(_xlpm.x,TRIM(IF(_xlpm.x>=100,INDEX(_xlpm.ones,INT(_xlpm.x/100)+1)&" hundred ","")&IF(MOD(_xlpm.x,100)<20,INDEX(_xlpm.ones,MOD(_xlpm.x,100)+1),INDEX(_xlpm.tens,INT(MOD(_xlpm.x,100)/10)+1)&IF(MOD(_xlpm.x,10)>0,"-"&INDEX(_xlpm.ones,MOD(_xlpm.x,10)+1),"")))),TRIM(IF(_xlpm.n>=1000,_xlpm.f(INT(_xlpm.n/1000))&" thousand ","")&IF(MOD(_xlpm.n,1000)>0,_xlpm.f(MOD(_xlpm.n,1000)),""))),""))} -> four hundred sixty-seven | CV10: yes | CW10: 467 | CX10: 1 | CY10: 467 | CZ10: no | DA10: no | DB10: 9 | DC10: 45 below 2^9 | DD10: 377 | DE10: 90 | DF10: 465 | DG10: 2 | DH10: odd | DI10: cMahea7zqjxrtgAbB7LSGbcQUr1uX1ojuat9jZodMN8BJfo2n43t | DJ10: mrvDEfpupfNxfry7uTrkA97AC7Kd9dW2Fz | DK10: tb1q058kce90ksvmh4lfw855846qfv8qm2455qmg9y | DL10: bc1pa9759nqu4tngahcteen27qpnqym6jg5x75m6padlgfwp88xwlf3q664ze3 | DM10: e97d42cc1caae68edf0bce66af00330137a92286f537a0f5bf425c139ccefa62 | DN10: T33ydQRKp4FCW5LCLLUB7deioUMoveiwekdwUwyfRDeLZpAFLcUB | DO10: LWdDCq3m6JBm9ZBfN2sfcExbYL6CJLkvn5 | DP10: ltc1q058kce90ksvmh4lfw855846qfv8qm245666lx8 | DQ10: QNcdLVw8fHkixm6NNyN6nVwxKek4u7qrioRbQmjxac5XVrcjGvup | DR10: DGYMUsgaK3qzRkg6vUsvsz4SDFTDZPAxCS | DS10: AkNgHWHINjh0helRSrXIkk3Sz9RmrzSslQAnJ+FlnWD3 | DT10: {=IF(B10="","",_xlfn.TEXTJOIN("",,HEX2BIN(MID(BQ10,_xlfn.SEQUENCE(40),1),4)))} -> 1000000110111000110111111010001010011110111010000101011010011010000001001110001101111101110000001001000111000110101100000111001011110011001010110110011100000111
A11: 10 | B11: 202 | C11: 1000000010 | D11: 514 | E11: 2 | F11: 0.00390625 | G11: 2 | H11: 1 | I11: 1111010001 | J11: 6 | K11: 20002 | L11: 1002 | M11: g2 | N11: 0100000001 | O11: 257 | P11: 1100000011 | Q11: 1111111101 | R11: 509 | S11: 0202000000000000000000000000000000000000000000000000000000000000 | T11: 1.1006424 | U11: 0.2 | V11: KwDiBf89QgGbjEhKnhXJuH7LrciVrZi3qYjgd9M7rFUBTL67V6dE | W11: 5HpHagT65TZzG1PH3CSu63k8DbpvD8s5ip4nEB3kEsrfAeGjhSe | X11: AAAAAAAAAAAAAAAAAAAAAAAAAAAAAAAAAAAAAAAAAgI= | Y11: 1101011101110010100110000001011001100101000011100101100000011101011101000110001011010101001010101101011011110111001100101101101000001110001011101100100100111011 | Z11: 6 | AA11: 7 | AB11: 81 | AC11: 0.63245553 | AD11: 1.2649111 | AE11: 3 | AF11: 10 | AG11: 1 | AH11: 415 | AI11: 9.0056245 | AJ11: 1 | AK11: 0000000101 | AL11: 0100000001 | AM11: 0111111101 | AN11: 7 | AO11: 1 | AP11: 4 | AQ11: 1x1,0x7,1x1,0x1 | AR11: 2 | AS11: 2 | AT11: 0:1 2:2 | AU11: 1 | AV11: 4 | AW11: 3 | AX11: 8 | AY11: 2 | AZ11: 514 | BA11: 47 | BB11: -420 | BC11: 515 | BD11: 513 | BE11: 0x00 00 00 00 00 00 00 00 00 00 00 00 00 00 00 00 00 00 00 00 00 00 00 00 00 00 00 00 00 00 02 02 | BF11: 0,0,0,0,0,0,0,0,0,0,0,0,0,0,0,0,0,0,0,0,0,0,0,0,0,0,0,0,0,0,2,2 | BG11: ................................ | BH11: 0.0.2.2 | BI11: 25569.006 | BJ11: ea | BK11: AAAAAAAAAAAAAAAAAAAAAAAAAAAAAAAAAAAAAAAAAAAAAAAAAIBA==== | BL11: AAAAAAAAAAAAAAAAAAAAAAAAAAAAAAAAAAAAAAAAAgI | BM11: fffffffffffffffffffffffffffffffebaaedce6af48a03bbfd25e8cd0363f3f | BN11: a7a4c30291ac1db24b4ab00c442aa832f7794b5a0959bec6e8d7fee802289dcd | BO11: d580b4242cf68189ac1309e79c5a2132d2cbf0e18be6d0b37d05a32256ca0c8b | BP11: 04a7a4c30291ac1db24b4ab00c442aa832f7794b5a0959bec6e8d7fee802289dcdd580b4242cf68189ac1309e79c5a2132d2cbf0e18be6d0b37d05a32256ca0c8b | BQ11: 08d35aae7d4e0dc0e3e41783adc31e055bf72c60 | BR11: 1ofbgenBbkCcmQyRK7XzHnhFHULAdNsBu | BS11: 37ikgSWtXptgUeVshZV7PbBZwxce1BPoBq | BT11: bc1q6aefs9n9pevp6arz654ddaejmg8zajfmftc9yt | BU11: 4.4389906e-75 | BV11: 1010011110100100110000110000001010010001101011000001110110110010010010110100101010110000000011000100010000101010101010000011001011110111011110010100101101011010000010010101100110111110110001101110100011010111111111101110100000000010001010001001110111001101 | BW11: 8 | BX11: 4 | BY11: 1.8973666 | BZ11: -0.63245553 | CA11: =IF(B11="","",IF(A11<8,"",_xlfn.LET(_xlpm.n,A11,_xlpm.k,G11,_xlpm.R,AP11,_xlpm.mu,1+2*_xlpm.k*(_xlpm.n-_xlpm.k)/_xlpm.n,_xlpm.v,2*_xlpm.k*(_xlpm.n-_xlpm.k)*(2*_xlpm.k*(_xlpm.n-_xlpm.k)-_xlpm.n)/(_xlpm.n^2*(_xlpm.n-1)),IF(_xlpm.v<=0,"",(_xlpm.R-_xlpm.mu)/SQRT(_xlpm.v))))) -> -0.22613351 | CB11: {=IF(B11="","",IF(A11<8,"",_xlfn.LET(_xlpm.b,--MID(C11,_xlfn.SEQUENCE(A11-1),1),_xlpm.c,--MID(C11,_xlfn.SEQUENCE(A11-1,,2),1),IFERROR(CORREL(_xlpm.b,_xlpm.c),""))))} -> -0.18898224 | CC11: =IF(B11="","",LOG(A11,2)) -> 3.3219281 | CD11: =IF(B11="","",MAX(AN11,AO11)-CC11) -> 3.6780719 | CE11: {=IF(B11="","",IF(LEN(B11)<16,"",_xlfn.LET(_xlpm.d,MID("0123456789abcdef",_xlfn.SEQUENCE(16),1),_xlpm.c,LEN(B11)-LEN(SUBSTITUTE(B11,_xlpm.d,"")),_xlpm.ex,LEN(B11)/16,SUM((_xlpm.c-_xlpm.ex)^2/_xlpm.ex))))} | CF11: =IF(CE11="","",_xlfn.CHISQ.DIST.RT(CE11,15)) | CG11: {=IF(OR(B11="",B10=""),"",_xlfn.LET(_xlpm.a,C11,_xlpm.b,REPT("0",A11-LEN(C10))&C10,_xlpm.m,MID(_xlpm.a,_xlfn.SEQUENCE(A11),1)=MID(_xlpm.b,_xlfn.SEQUENCE(A11),1),IFERROR(MATCH(FALSE,_xlpm.m,0)-1,A11)))} -> 0 | CH11: {=IF(OR(B11="",B10=""),"",_xlfn.LET(_xlpm.a,C11,_xlpm.b,REPT("0",A11-LEN(C10))&C10,_xlpm.n,A11,_xlpm.m,MID(_xlpm.a,_xlfn.SEQUENCE(_xlpm.n,,_xlpm.n,-1),1)=MID(_xlpm.b,_xlfn.SEQUENCE(_xlpm.n,,_xlpm.n,-1),1),IFERROR(MATCH(FALSE,_xlpm.m,0)-1,_xlpm.n)))} -> 0 | CI11: =IF(OR(B11="",B10=""),"",F11-F10) -> -0.8203125 | CJ11: =IF(OR(B11="",B10=""),"",IFERROR(FIND(B10,B11)>0,FALSE)) -> FALSE | CK11: =IF(OR(B11="",B10=""),"",IFERROR(FIND(C10,C11)>0,FALSE)) -> FALSE | CL11: =IF(OR(B11="",B10=""),"",IFERROR(FIND(C10,C11),"")) | CM11: {=IF(OR(B11="",B10=""),"",_xlfn.LET(_xlpm.pv,D10,_xlpm.ra,BIGSUB(D11,_xlpm.pv),_xlpm.rb,BIGSUB(_xlpm.ra,_xlpm.pv),_xlpm.rc,BIGSUB(_xlpm.rb,_xlpm.pv),IF(LEFT(_xlpm.rb,1)="-",_xlpm.ra,IF(LEFT(_xlpm.rc,1)="-",_xlpm.rb,_xlpm.rc))))} -> 47 | CN11: =IF(B11="","",F11-0.5) -> -0.49609375 | CO11: {=IF(B11="","",_xlfn.TEXTJOIN("",,MID(B11,_xlfn.SEQUENCE(LEN(B11),,LEN(B11),-1),1)))} -> 202 | CP11: {=IF(B11="","",BASE2DEC(CO11,16))} -> 514 | CQ11: =IF(B11="","",IF(AND(LEN(B11)<16,LEN(B11)=LEN(SUBSTITUTE(SUBSTITUTE(SUBSTITUTE(SUBSTITUTE(SUBSTITUTE(SUBSTITUTE(B11,"a",""),"b",""),"c",""),"d",""),"e",""),"f",""))),--B11,"")) -> 202 | CR11: {=IF(B11="","",IF(LEN(D11)<=15,BASE2DEC(D11,16),""))} -> 1300 | CS11: {=IF(B11="","",_xlfn.LET(_xlpm.p,REPT("0",MOD(-LEN(B11),4))&B11,_xlfn.TEXTJOIN(" ",,MID(_xlpm.p,_xlfn.SEQUENCE(LEN(_xlpm.p)/4,,1,4),4))))} -> 0202 | CT11: {=IF(B11="","",UPPER(_xlfn.LET(_xlpm.p,REPT("0",64-LEN(B11))&B11,_xlfn.TEXTJOIN(" ",,MID(_xlpm.p,_xlfn.SEQUENCE(8,,1,8),8)))))} -> 00000000 00000000 00000000 00000000 00000000 00000000 00000000 00000202 | CU11: {=IF(B11="","",IF(LEN(D11)<=6,_xlfn.LET(_xlpm.n,VALUE(D11),_xlpm.ones,{"","one","two","three","four","five","six","seven","eight","nine","ten","eleven","twelve","thirteen","fourteen","fifteen","sixteen","seventeen","eighteen","nineteen"},_xlpm.tens,{"","","twenty","thirty","forty","fifty","sixty","seventy","eighty","ninety"},_xlpm.f,_xlfn.LAMBDA(_xlpm.x,TRIM(IF(_xlpm.x>=100,INDEX(_xlpm.ones,INT(_xlpm.x/100)+1)&" hundred ","")&IF(MOD(_xlpm.x,100)<20,INDEX(_xlpm.ones,MOD(_xlpm.x,100)+1),INDEX(_xlpm.tens,INT(MOD(_xlpm.x,100)/10)+1)&IF(MOD(_xlpm.x,10)>0,"-"&INDEX(_xlpm.ones,MOD(_xlpm.x,10)+1),"")))),TRIM(IF(_xlpm.n>=1000,_xlpm.f(INT(_xlpm.n/1000))&" thousand ","")&IF(MOD(_xlpm.n,1000)>0,_xlpm.f(MOD(_xlpm.n,1000)),""))),""))} -> five hundred fourteen | CV11: no | CW11: 2 | CX11: 2 | CY11: 2 × 257 | CZ11: no | DA11: no | DB11: 9 | DC11: 2 above 2^9 | DD11: 610 | DE11: 96 | DF11: 528 | DG11: 14 | DH11: even | DI11: cMahea7zqjxrtgAbB7LSGbcQUr1uX1ojuat9jZodMN8Bi5EvRh6Y | DJ11: n1A8rSAP1yNwJYNPD3tqKn4uhP5WbwmkqA | DK11: tb1q6aefs9n9pevp6arz654ddaejmg8zajfmrdrklc | DL11: bc1p3w0d3xn365magqa6k3vhcuszykr5wtu36xgea03s20qj6vcxd5yqyd92at | DM11: 8b9ed89a71d537d403bab4597c72022587472f91d1919ebe3053c12d33066d08 | DN11: T33ydQRKp4FCW5LCLLUB7deioUMoveiwekdwUwyfRDeLyDiZ6h6C | DO11: Les8pbPEHcBjnEavfcukmsvM3br5p4oQ1F | DP11: ltc1q6aefs9n9pevp6arz654ddaejmg8zajfmdhzpum | DQ11: QNcdLVw8fHkixm6NNyN6nVwxKek4u7qrioRbQmjxac5XuG7NKhqF | DR11: DQnH6e23WMqy4S5NE4v23d2BiXD72eaJvL | DS11: A6ekwwKRrB2yS0qwDEQqqDL3eUtaCVm+xujX/ugCKJ3N | DT11: {=IF(B11="","",_xlfn.TEXTJOIN("",,HEX2BIN(MID(BQ11,_xlfn.SEQUENCE(40),1),4)))} -> 0000100011010011010110101010111001111101010011100000110111000000111000111110010000010111100000111010110111000011000111100000010101011011111101110010110001100000
A12: 11 | B12: 483 | C12: 10010000011 | D12: 1155 | E12: 131 | F12: 0.12792969 | G12: 4 | H12: 0 | I12: 11010000001 | J12: 4 | K12: 102003 | L12: 2203 | M12: 143 | N12: 11000001001 | O12: 1545 | P12: 11011000010 | Q12: 11101111100 | R12: 892 | S12: 8304000000000000000000000000000000000000000000000000000000000000 | T12: 2.2470817 | U12: 0.36363636 | V12: KwDiBf89QgGbjEhKnhXJuH7LrciVrZi3qYjgd9M7rFUGxXgtm63M | W12: 5HpHagT65TZzG1PH3CSu63k8DbpvD8s5ip4nEB3kEsrgQwUiKuq | X12: AAAAAAAAAAAAAAAAAAAAAAAAAAAAAAAAAAAAAAAABIM= | Y12: 1111100011000110100110001101101000110001011001001110111110001111101001000010010110000110100100101101000100011000110011001001101010010000001011000101101011001100 | Z12: 7 | AA12: 5 | AB12: 76 | AC12: 0.90453403 | AD12: -0.30151134 | AE12: 4 | AF12: 12 | AG12: 3 | AH12: 5511 | AI12: 10.173677 | AJ12: 7.033423 | AK12: 00100000111 | AL12: 11001000001 | AM12: 01101111100 | AN12: 5 | AO12: 2 | AP12: 5 | AQ12: 1x1,0x2,1x1,0x5,1x2 | AR12: 3 | AS12: 3 | AT12: 3:1 4:1 8:1 | AU12: 0 | AV12: 0 | AW12: 0 | AX12: 0 | AY12: 131 | AZ12: 1155 | BA12: 641 | BB12: 127 | BC12: 1156 | BD12: 1154 | BE12: 0x00 00 00 00 00 00 00 00 00 00 00 00 00 00 00 00 00 00 00 00 00 00 00 00 00 00 00 00 00 00 04 83 | BF12: 0,0,0,0,0,0,0,0,0,0,0,0,0,0,0,0,0,0,0,0,0,0,0,0,0,0,0,0,0,0,4,131 | BG12: ................................ | BH12: 0.0.4.131 | BI12: 25569.013 | BJ12: w3 | BK12: AAAAAAAAAAAAAAAAAAAAAAAAAAAAAAAAAAAAAAAAAAAAAAAAASBQ==== | BL12: AAAAAAAAAAAAAAAAAAAAAAAAAAAAAAAAAAAAAAAABIM | BM12: fffffffffffffffffffffffffffffffebaaedce6af48a03bbfd25e8cd0363cbe | BN12: 8b05b0603abd75b0c57489e451f811e1afe54a8715045cdf4888333f3ebc6e8b | BO12: 1d10f88145db40fb889e2ddce81bda7c27f5b615acd6179dbb30f4fe7f40fb39 | BP12: 048b05b0603abd75b0c57489e451f811e1afe54a8715045cdf4888333f3ebc6e8b1d10f88145db40fb889e2ddce81bda7c27f5b615acd6179dbb30f4fe7f40fb39 | BQ12: baed9d732aa1a62feee35b308f77efba1af607e7 | BR12: 1J3PLTqmUnBX3CMxxCap3pFgzPGgN5btKf | BS12: 35iHgrxTFLkXaWnjgQD5PDmiEWpcVGMZFD | BT12: bc1qlrrf3k33vnhclfp9s6fdzxxvn2gzckkv4z28x5 | BU12: 9.9747747e-75 | BV12: 1000101100000101101100000110000000111010101111010111010110110000110001010111010010001001111001000101000111111000000100011110000110101111111001010100101010000111000101010000010001011100110111110100100010001000001100110011111100111110101111000110111010001011 | BW12: 2 | BX12: 6 | BY12: -2.1105794 | BZ12: 0.30151134 | CA12: =IF(B12="","",IF(A12<8,"",_xlfn.LET(_xlpm.n,A12,_xlpm.k,G12,_xlpm.R,AP12,_xlpm.mu,1+2*_xlpm.k*(_xlpm.n-_xlpm.k)/_xlpm.n,_xlpm.v,2*_xlpm.k*(_xlpm.n-_xlpm.k)*(2*_xlpm.k*(_xlpm.n-_xlpm.k)-_xlpm.n)/(_xlpm.n^2*(_xlpm.n-1)),IF(_xlpm.v<=0,"",(_xlpm.R-_xlpm.mu)/SQRT(_xlpm.v))))) -> -0.75592895 | CB12: {=IF(B12="","",IF(A12<8,"",_xlfn.LET(_xlpm.b,--MID(C12,_xlfn.SEQUENCE(A12-1),1),_xlpm.c,--MID(C12,_xlfn.SEQUENCE(A12-1,,2),1),IFERROR(CORREL(_xlpm.b,_xlpm.c),""))))} -> 0.047619048 | CC12: =IF(B12="","",LOG(A12,2)) -> 3.4594316 | CD12: =IF(B12="","",MAX(AN12,AO12)-CC12) -> 1.5405684 | CE12: {=IF(B12="","",IF(LEN(B12)<16,"",_xlfn.LET(_xlpm.d,MID("0123456789abcdef",_xlfn.SEQUENCE(16),1),_xlpm.c,LEN(B12)-LEN(SUBSTITUTE(B12,_xlpm.d,"")),_xlpm.ex,LEN(B12)/16,SUM((_xlpm.c-_xlpm.ex)^2/_xlpm.ex))))} | CF12: =IF(CE12="","",_xlfn.CHISQ.DIST.RT(CE12,15)) | CG12: {=IF(OR(B12="",B11=""),"",_xlfn.LET(_xlpm.a,C12,_xlpm.b,REPT("0",A12-LEN(C11))&C11,_xlpm.m,MID(_xlpm.a,_xlfn.SEQUENCE(A12),1)=MID(_xlpm.b,_xlfn.SEQUENCE(A12),1),IFERROR(MATCH(FALSE,_xlpm.m,0)-1,A12)))} -> 0 | CH12: {=IF(OR(B12="",B11=""),"",_xlfn.LET(_xlpm.a,C12,_xlpm.b,REPT("0",A12-LEN(C11))&C11,_xlpm.n,A12,_xlpm.m,MID(_xlpm.a,_xlfn.SEQUENCE(_xlpm.n,,_xlpm.n,-1),1)=MID(_xlpm.b,_xlfn.SEQUENCE(_xlpm.n,,_xlpm.n,-1),1),IFERROR(MATCH(FALSE,_xlpm.m,0)-1,_xlpm.n)))} -> 0 | CI12: =IF(OR(B12="",B11=""),"",F12-F11) -> 0.12402344 | CJ12: =IF(OR(B12="",B11=""),"",IFERROR(FIND(B11,B12)>0,FALSE)) -> FALSE | CK12: =IF(OR(B12="",B11=""),"",IFERROR(FIND(C11,C12)>0,FALSE)) -> FALSE | CL12: =IF(OR(B12="",B11=""),"",IFERROR(FIND(C11,C12),"")) | CM12: {=IF(OR(B12="",B11=""),"",_xlfn.LET(_xlpm.pv,D11,_xlpm.ra,BIGSUB(D12,_xlpm.pv),_xlpm.rb,BIGSUB(_xlpm.ra,_xlpm.pv),_xlpm.rc,BIGSUB(_xlpm.rb,_xlpm.pv),IF(LEFT(_xlpm.rb,1)="-",_xlpm.ra,IF(LEFT(_xlpm.rc,1)="-",_xlpm.rb,_xlpm.rc))))} -> 127 | CN12: =IF(B12="","",F12-0.5) -> -0.37207031 | CO12: {=IF(B12="","",_xlfn.TEXTJOIN("",,MID(B12,_xlfn.SEQUENCE(LEN(B12),,LEN(B12),-1),1)))} -> 384 | CP12: {=IF(B12="","",BASE2DEC(CO12,16))} -> 900 | CQ12: =IF(B12="","",IF(AND(LEN(B12)<16,LEN(B12)=LEN(SUBSTITUTE(SUBSTITUTE(SUBSTITUTE(SUBSTITUTE(SUBSTITUTE(SUBSTITUTE(B12,"a",""),"b",""),"c",""),"d",""),"e",""),"f",""))),--B12,"")) -> 483 | CR12: {=IF(B12="","",IF(LEN(D12)<=15,BASE2DEC(D12,16),""))} -> 4437 | CS12: {=IF(B12="","",_xlfn.LET(_xlpm.p,REPT("0",MOD(-LEN(B12),4))&B12,_xlfn.TEXTJOIN(" ",,MID(_xlpm.p,_xlfn.SEQUENCE(LEN(_xlpm.p)/4,,1,4),4))))} -> 0483 | CT12: {=IF(B12="","",UPPER(_xlfn.LET(_xlpm.p,REPT("0",64-LEN(B12))&B12,_xlfn.TEXTJOIN(" ",,MID(_xlpm.p,_xlfn.SEQUENCE(8,,1,8),8)))))} -> 00000000 00000000 00000000 00000000 00000000 00000000 00000000 00000483 | CU12: {=IF(B12="","",IF(LEN(D12)<=6,_xlfn.LET(_xlpm.n,VALUE(D12),_xlpm.ones,{"","one","two","three","four","five","six","seven","eight","nine","ten","eleven","twelve","thirteen","fourteen","fifteen","sixteen","seventeen","eighteen","nineteen"},_xlpm.tens,{"","","twenty","thirty","forty","fifty","sixty","seventy","eighty","ninety"},_xlpm.f,_xlfn.LAMBDA(_xlpm.x,TRIM(IF(_xlpm.x>=100,INDEX(_xlpm.ones,INT(_xlpm.x/100)+1)&" hundred ","")&IF(MOD(_xlpm.x,100)<20,INDEX(_xlpm.ones,MOD(_xlpm.x,100)+1),INDEX(_xlpm.tens,INT(MOD(_xlpm.x,100)/10)+1)&IF(MOD(_xlpm.x,10)>0,"-"&INDEX(_xlpm.ones,MOD(_xlpm.x,10)+1),"")))),TRIM(IF(_xlpm.n>=1000,_xlpm.f(INT(_xlpm.n/1000))&" thousand ","")&IF(MOD(_xlpm.n,1000)>0,_xlpm.f(MOD(_xlpm.n,1000)),""))),""))} -> one thousand one hundred fifty-five | CV12: no | CW12: 3 | CX12: 4 | CY12: 3 × 5 × 7 × 11 | CZ12: no | DA12: no | DB12: 10 | DC12: 131 above 2^10 | DD12: 987 | DE12: 168 | DF12: 1176 | DG12: 21 | DH12: odd | DI12: cMahea7zqjxrtgAbB7LSGbcQUr1uX1ojuat9jZodMN8HDGpSgkcF | DJ12: n4CMnPrrh4zHnAnU8M3qCeCBzHCk4JFw5n | DK12: tb1qlrrf3k33vnhclfp9s6fdzxxvn2gzckkvly35a8 | DL12: bc1p79spurgar05az9dc8va5ds6yygqd4ecgs32wgqksp974pmwjlyrqvn0hr9 | DM12: f1601e0d1d1be9d115b83b3b46c3442200dae7088454e402d0097d50edd2f906 | DN12: T33ydQRKp4FCW5LCLLUB7deioUMoveiwekdwUwyfRDeSURGZzjRq | DO12: LhuMkZ5hxho6Fs11av4kek3dLVyKHMooP7 | DP12: ltc1qlrrf3k33vnhclfp9s6fdzxxvn2gzckkv37sr7y | DQ12: QNcdLVw8fHkixm6NNyN6nVwxKek4u7qrioRbQmjxac5dQThC44qi | DR12: DTpW2biXBTTKY4VT9N51vV9U1RLLW19VkN | DS12: A4sFsGA6vXWwxXSJ5FH4EeGv5UqHFQRc30iIMz8+vG6L | DT12: {=IF(B12="","",_xlfn.TEXTJOIN("",,HEX2BIN(MID(BQ12,_xlfn.SEQUENCE(40),1),4)))} -> 1011101011101101100111010111001100101010101000011010011000101111111011101110001101011011001100001000111101110111111011111011101000011010111101100000011111100111
A13: 12 | B13: a7b | C13: 101001111011 | D13: 2683 | E13: 635 | F13: 0.31005859 | G13: 8 | H13: 0 | I13: 111011111000 | J13: 8 | K13: 221323 | L13: 5173 | M13: 2jr | N13: 110111100101 | O13: 3557 | P13: 111101000110 | Q13: 110110000100 | R13: 1412 | S13: 7b0a000000000000000000000000000000000000000000000000000000000000 | T13: 2.3229437 | U13: 0.66666667 | V13: KwDiBf89QgGbjEhKnhXJuH7LrciVrZi3qYjgd9M7rFUW5RtS2JN1 | W13: 5HpHagT65TZzG1PH3CSu63k8DbpvD8s5ip4nEB3kEsrjPKxKjY2 | X13: AAAAAAAAAAAAAAAAAAAAAAAAAAAAAAAAAAAAAAAACns= | Y13: 1000010110100001111110011011101001001101101000100100110000100100111001011000001011011001101110001001000111011010110010111101000110110000010000111111100101110001 | Z13: 4 | AA13: 3 | AB13: 76 | AC13: -1.1547005 | AD13: -1.7320508 | AE13: 4 | AF13: 19 | AG13: 1 | AH13: 3862 | AI13: 11.389631 | AJ13: 9.3106128 | AK13: 010011110111 | AL13: 110100111101 | AM13: 010110000100 | AN13: 2 | AO13: 4 | AP13: 7 | AQ13: 1x1,0x1,1x1,0x2,1x4,0x1,1x2 | AR13: 3 | AS13: 7 | AT13: 7:1 a:1 b:1 | AU13: 1 | AV13: 3 | AW13: 2 | AX13: 10 | AY13: 123 | AZ13: 2683 | BA13: 1528 | BB13: 373 | BC13: 2684 | BD13: 2682 | BE13: 0x00 00 00 00 00 00 00 00 00 00 00 00 00 00 00 00 00 00 00 00 00 00 00 00 00 00 00 00 00 00 0a 7b | BF13: 0,0,0,0,0,0,0,0,0,0,0,0,0,0,0,0,0,0,0,0,0,0,0,0,0,0,0,0,0,0,10,123 | BG13: ...............................{ | BH13: 0.0.10.123 | BI13: 25569.031 | BJ13: 22j | BK13: AAAAAAAAAAAAAAAAAAAAAAAAAAAAAAAAAAAAAAAAAAAAAAAABJ5Q==== | BL13: AAAAAAAAAAAAAAAAAAAAAAAAAAAAAAAAAAAAAAAACns | BM13: fffffffffffffffffffffffffffffffebaaedce6af48a03bbfd25e8cd03636c6 | BN13: 8b00fcbfc1a203f44bf123fc7f4c91c10a85c8eae9187f9d22242b4600ce781c | BO13: 61e9e58a3e81e690ec0264280ee5442a0a8de699dadfbcac478985cc89d35bc9 | BP13: 048b00fcbfc1a203f44bf123fc7f4c91c10a85c8eae9187f9d22242b4600ce781c61e9e58a3e81e690ec0264280ee5442a0a8de699dadfbcac478985cc89d35bc9 | BQ13: 68430075ebd769394116ddd6c93bc4082b9af1e7 | BR13: 1AWHYKPNdiu33TFCve7k7QiKuWLpiyzBby | BS13: 36s3phz7Zb27FPYC1fnbxoBoEz537icvRx | BT13: bc1qskslnwjd5fxzfevzmxufrkkt6xcy87t3wzknyy | BU13: 2.317084e-74 | BV13: 1000101100000000111111001011111111000001101000100000001111110100010010111111000100100011111111000111111101001100100100011100000100001010100001011100100011101010111010010001100001111111100111010010001000100100001010110100011000000000110011100111100000011100 | BW13: 6 | BX13: 6 | BY13: 0 | BZ13: 0 | CA13: =IF(B13="","",IF(A13<8,"",_xlfn.LET(_xlpm.n,A13,_xlpm.k,G13,_xlpm.R,AP13,_xlpm.mu,1+2*_xlpm.k*(_xlpm.n-_xlpm.k)/_xlpm.n,_xlpm.v,2*_xlpm.k*(_xlpm.n-_xlpm.k)*(2*_xlpm.k*(_xlpm.n-_xlpm.k)-_xlpm.n)/(_xlpm.n^2*(_xlpm.n-1)),IF(_xlpm.v<=0,"",(_xlpm.R-_xlpm.mu)/SQRT(_xlpm.v))))) -> 0.45993311 | CB13: {=IF(B13="","",IF(A13<8,"",_xlfn.LET(_xlpm.b,--MID(C13,_xlfn.SEQUENCE(A13-1),1),_xlpm.c,--MID(C13,_xlfn.SEQUENCE(A13-1,,2),1),IFERROR(CORREL(_xlpm.b,_xlpm.c),""))))} -> -0.17857143 | CC13: =IF(B13="","",LOG(A13,2)) -> 3.5849625 | CD13: =IF(B13="","",MAX(AN13,AO13)-CC13) -> 0.4150375 | CE13: {=IF(B13="","",IF(LEN(B13)<16,"",_xlfn.LET(_xlpm.d,MID("0123456789abcdef",_xlfn.SEQUENCE(16),1),_xlpm.c,LEN(B13)-LEN(SUBSTITUTE(B13,_xlpm.d,"")),_xlpm.ex,LEN(B13)/16,SUM((_xlpm.c-_xlpm.ex)^2/_xlpm.ex))))} | CF13: =IF(CE13="","",_xlfn.CHISQ.DIST.RT(CE13,15)) | CG13: {=IF(OR(B13="",B12=""),"",_xlfn.LET(_xlpm.a,C13,_xlpm.b,REPT("0",A13-LEN(C12))&C12,_xlpm.m,MID(_xlpm.a,_xlfn.SEQUENCE(A13),1)=MID(_xlpm.b,_xlfn.SEQUENCE(A13),1),IFERROR(MATCH(FALSE,_xlpm.m,0)-1,A13)))} -> 0 | CH13: {=IF(OR(B13="",B12=""),"",_xlfn.LET(_xlpm.a,C13,_xlpm.b,REPT("0",A13-LEN(C12))&C12,_xlpm.n,A13,_xlpm.m,MID(_xlpm.a,_xlfn.SEQUENCE(_xlpm.n,,_xlpm.n,-1),1)=MID(_xlpm.b,_xlfn.SEQUENCE(_xlpm.n,,_xlpm.n,-1),1),IFERROR(MATCH(FALSE,_xlpm.m,0)-1,_xlpm.n)))} -> 3 | CI13: =IF(OR(B13="",B12=""),"",F13-F12) -> 0.18212891 | CJ13: =IF(OR(B13="",B12=""),"",IFERROR(FIND(B12,B13)>0,FALSE)) -> FALSE | CK13: =IF(OR(B13="",B12=""),"",IFERROR(FIND(C12,C13)>0,FALSE)) -> FALSE | CL13: =IF(OR(B13="",B12=""),"",IFERROR(FIND(C12,C13),"")) | CM13: {=IF(OR(B13="",B12=""),"",_xlfn.LET(_xlpm.pv,D12,_xlpm.ra,BIGSUB(D13,_xlpm.pv),_xlpm.rb,BIGSUB(_xlpm.ra,_xlpm.pv),_xlpm.rc,BIGSUB(_xlpm.rb,_xlpm.pv),IF(LEFT(_xlpm.rb,1)="-",_xlpm.ra,IF(LEFT(_xlpm.rc,1)="-",_xlpm.rb,_xlpm.rc))))} -> 373 | CN13: =IF(B13="","",F13-0.5) -> -0.18994141 | CO13: {=IF(B13="","",_xlfn.TEXTJOIN("",,MID(B13,_xlfn.SEQUENCE(LEN(B13),,LEN(B13),-1),1)))} -> b7a | CP13: {=IF(B13="","",BASE2DEC(CO13,16))} -> 2938 | CQ13: =IF(B13="","",IF(AND(LEN(B13)<16,LEN(B13)=LEN(SUBSTITUTE(SUBSTITUTE(SUBSTITUTE(SUBSTITUTE(SUBSTITUTE(SUBSTITUTE(B13,"a",""),"b",""),"c",""),"d",""),"e",""),"f",""))),--B13,"")) | CR13: {=IF(B13="","",IF(LEN(D13)<=15,BASE2DEC(D13,16),""))} -> 9859 | CS13: {=IF(B13="","",_xlfn.LET(_xlpm.p,REPT("0",MOD(-LEN(B13),4))&B13,_xlfn.TEXTJOIN(" ",,MID(_xlpm.p,_xlfn.SEQUENCE(LEN(_xlpm.p)/4,,1,4),4))))} -> 0a7b | CT13: {=IF(B13="","",UPPER(_xlfn.LET(_xlpm.p,REPT("0",64-LEN(B13))&B13,_xlfn.TEXTJOIN(" ",,MID(_xlpm.p,_xlfn.SEQUENCE(8,,1,8),8)))))} -> 00000000 00000000 00000000 00000000 00000000 00000000 00000000 00000A7B | CU13: {=IF(B13="","",IF(LEN(D13)<=6,_xlfn.LET(_xlpm.n,VALUE(D13),_xlpm.ones,{"","one","two","three","four","five","six","seven","eight","nine","ten","eleven","twelve","thirteen","fourteen","fifteen","sixteen","seventeen","eighteen","nineteen"},_xlpm.tens,{"","","twenty","thirty","forty","fifty","sixty","seventy","eighty","ninety"},_xlpm.f,_xlfn.LAMBDA(_xlpm.x,TRIM(IF(_xlpm.x>=100,INDEX(_xlpm.ones,INT(_xlpm.x/100)+1)&" hundred ","")&IF(MOD(_xlpm.x,100)<20,INDEX(_xlpm.ones,MOD(_xlpm.x,100)+1),INDEX(_xlpm.tens,INT(MOD(_xlpm.x,100)/10)+1)&IF(MOD(_xlpm.x,10)>0,"-"&INDEX(_xlpm.ones,MOD(_xlpm.x,10)+1),"")))),TRIM(IF(_xlpm.n>=1000,_xlpm.f(INT(_xlpm.n/1000))&" thousand ","")&IF(MOD(_xlpm.n,1000)>0,_xlpm.f(MOD(_xlpm.n,1000)),""))),""))} -> two thousand six hundred eighty-three | CV13: yes | CW13: 2683 | CX13: 1 | CY13: 2683 | CZ13: no | DA13: no | DB13: 11 | DC13: 635 above 2^11 | DD13: 2584 | DE13: 99 | DF13: 2701 | DG13: 18 | DH13: odd | DI13: cMahea7zqjxrtgAbB7LSGbcQUr1uX1ojuat9jZodMN8WLAvWgPPv | DJ13: mshYCpewHmnKcTt3bbJsLtTdh5LvoH2jM1 | DK13: tb1qskslnwjd5fxzfevzmxufrkkt6xcy87t3yydqlh | DL13: bc1pwjaj0zh2gsrv233cuz48828ynmgen3k7ck48u9aja5f4a2l3xgfqtlzfeg | DM13: 74bb278aea4406c54638e0aa73a8e49ed199c6dec5aa7e17b2ed135eabf13212 | DN13: T33ydQRKp4FCW5LCLLUB7deioUMoveiwekdwUwyfRDefbKTRCVW3 | DO13: LXQYAysnZQb86A6b4AKnnzK53J7VykXCmP | DP13: ltc1qskslnwjd5fxzfevzmxufrkkt6xcy87t327vhu5 | DQ13: QNcdLVw8fHkixm6NNyN6nVwxKek4u7qrioRbQmjxac5rXMqLGu9Z | DR13: DHKgT2WbnAFMNMb2ccL44jQuiDUXG1UXZb | DS13: A4sA/L/BogP0S/Ej/H9MkcEKhcjq6Rh/nSIkK0YAzngc | DT13: {=IF(B13="","",_xlfn.TEXTJOIN("",,HEX2BIN(MID(BQ13,_xlfn.SEQUENCE(40),1),4)))} -> 0110100001000011000000000111010111101011110101110110100100111001010000010001011011011101110101101100100100111011110001000000100000101011100110101111000111100111
A14: 13 | B14: 1460 | C14: 1010001100000 | D14: 5216 | E14: 1120 | F14: 0.2734375 | G14: 4 | H14: 5 | I14: 1111000011011 | J14: 8 | K14: 1101200 | L14: 12140 | M14: 530 | N14: 0000011000101 | O14: 197 | P14: 1111001010000 | Q14: 1101110011111 | R14: 2975 | S14: 6014000000000000000000000000000000000000000000000000000000000000 | T14: 1.9440924 | U14: 0.30769231 | V14: KwDiBf89QgGbjEhKnhXJuH7LrciVrZi3qYjgd9M7rFUspniiQZds | W14: 5HpHagT65TZzG1PH3CSu63k8DbpvD8s5ip4nEB3kEsrpKArkUBq | X14: AAAAAAAAAAAAAAAAAAAAAAAAAAAAAAAAAAAAAAAAFGA= | Y14: 1111100100110010110100000001100010000110000101101100100101100100010000010110101110010001111110111001110011110111011010111010100101111001000010101001001000011110 | Z14: 8 | AA14: 6 | AB14: 80 | AC14: 0.83205029 | AD14: -0.2773501 | AE14: 4 | AF14: 14 | AG14: 5 | AH14: 6125 | AI14: 12.348728 | AJ14: 10.129283 | AK14: 0100011000001 | AL14: 0101000110000 | AM14: 0101110011111 | AN14: 5 | AO14: 2 | AP14: 6 | AQ14: 1x1,0x1,1x1,0x3,1x2,0x5 | AR14: 4 | AS14: 0 | AT14: 0:1 1:1 4:1 6:1 | AU14: 2 | AV14: 1 | AW14: 1 | AX14: 2 | AY14: 96 | AZ14: 5216 | BA14: 2533 | BB14: -150 | BC14: 5217 | BD14: 5215 | BE14: 0x00 00 00 00 00 00 00 00 00 00 00 00 00 00 00 00 00 00 00 00 00 00 00 00 00 00 00 00 00 00 14 60 | BF14: 0,0,0,0,0,0,0,0,0,0,0,0,0,0,0,0,0,0,0,0,0,0,0,0,0,0,0,0,0,0,20,96 | BG14: ...............................` | BH14: 0.0.20.96 | BI14: 25569.06 | BJ14: 40w | BK14: AAAAAAAAAAAAAAAAAAAAAAAAAAAAAAAAAAAAAAAAAAAAAAAACRQA==== | BL14: AAAAAAAAAAAAAAAAAAAAAAAAAAAAAAAAAAAAAAAAFGA | BM14: fffffffffffffffffffffffffffffffebaaedce6af48a03bbfd25e8cd0362ce1 | BN14: aadaaab1db8d5d450b511789c37e7cfeb0eb8b3e61a57a34166c5edc9a4b869d | BO14: 2ed7caaf2a261616f564190b4bc9f496f3df86353ff76d7f704e48e654bacdf1 | BP14: 04aadaaab1db8d5d450b511789c37e7cfeb0eb8b3e61a57a34166c5edc9a4b869d2ed7caaf2a261616f564190b4bc9f496f3df86353ff76d7f704e48e654bacdf1 | BQ14: 88c65dab3a80f0502320b8d3e5a354165c6c15f5 | BR14: 1DUCXnzF7hA7fLDToQEJjQaZ2rCVHonNfF | BS14: 3Je2iFcyWXkoRU8RyMYrysEj2dpNdKX4QK | BT14: bc1qlyedqxyxzmykgsttj8aeeamt49us4ys739hecy | BU14: 4.5046255e-74 | BV14: 1010101011011010101010101011000111011011100011010101110101000101000010110101000100010111100010011100001101111110011111001111111010110000111010111000101100111110011000011010010101111010001101000001011001101100010111101101110010011010010010111000011010011101 | BW14: 9 | BX14: 6 | BY14: 1.3867505 | BZ14: -0.2773501 | CA14: =IF(B14="","",IF(A14<8,"",_xlfn.LET(_xlpm.n,A14,_xlpm.k,G14,_xlpm.R,AP14,_xlpm.mu,1+2*_xlpm.k*(_xlpm.n-_xlpm.k)/_xlpm.n,_xlpm.v,2*_xlpm.k*(_xlpm.n-_xlpm.k)*(2*_xlpm.k*(_xlpm.n-_xlpm.k)-_xlpm.n)/(_xlpm.n^2*(_xlpm.n-1)),IF(_xlpm.v<=0,"",(_xlpm.R-_xlpm.mu)/SQRT(_xlpm.v))))) -> -0.3720458 | CB14: {=IF(B14="","",IF(A14<8,"",_xlfn.LET(_xlpm.b,--MID(C14,_xlfn.SEQUENCE(A14-1),1),_xlpm.c,--MID(C14,_xlfn.SEQUENCE(A14-1,,2),1),IFERROR(CORREL(_xlpm.b,_xlpm.c),""))))} -> -5.6655831e-17 | CC14: =IF(B14="","",LOG(A14,2)) -> 3.7004397 | CD14: =IF(B14="","",MAX(AN14,AO14)-CC14) -> 1.2995603 | CE14: {=IF(B14="","",IF(LEN(B14)<16,"",_xlfn.LET(_xlpm.d,MID("0123456789abcdef",_xlfn.SEQUENCE(16),1),_xlpm.c,LEN(B14)-LEN(SUBSTITUTE(B14,_xlpm.d,"")),_xlpm.ex,LEN(B14)/16,SUM((_xlpm.c-_xlpm.ex)^2/_xlpm.ex))))} | CF14: =IF(CE14="","",_xlfn.CHISQ.DIST.RT(CE14,15)) | CG14: {=IF(OR(B14="",B13=""),"",_xlfn.LET(_xlpm.a,C14,_xlpm.b,REPT("0",A14-LEN(C13))&C13,_xlpm.m,MID(_xlpm.a,_xlfn.SEQUENCE(A14),1)=MID(_xlpm.b,_xlfn.SEQUENCE(A14),1),IFERROR(MATCH(FALSE,_xlpm.m,0)-1,A14)))} -> 0 | CH14: {=IF(OR(B14="",B13=""),"",_xlfn.LET(_xlpm.a,C14,_xlpm.b,REPT("0",A14-LEN(C13))&C13,_xlpm.n,A14,_xlpm.m,MID(_xlpm.a,_xlfn.SEQUENCE(_xlpm.n,,_xlpm.n,-1),1)=MID(_xlpm.b,_xlfn.SEQUENCE(_xlpm.n,,_xlpm.n,-1),1),IFERROR(MATCH(FALSE,_xlpm.m,0)-1,_xlpm.n)))} -> 0 | CI14: =IF(OR(B14="",B13=""),"",F14-F13) -> -0.036621094 | CJ14: =IF(OR(B14="",B13=""),"",IFERROR(FIND(B13,B14)>0,FALSE)) -> FALSE | CK14: =IF(OR(B14="",B13=""),"",IFERROR(FIND(C13,C14)>0,FALSE)) -> FALSE | CL14: =IF(OR(B14="",B13=""),"",IFERROR(FIND(C13,C14),"")) | CM14: {=IF(OR(B14="",B13=""),"",_xlfn.LET(_xlpm.pv,D13,_xlpm.ra,BIGSUB(D14,_xlpm.pv),_xlpm.rb,BIGSUB(_xlpm.ra,_xlpm.pv),_xlpm.rc,BIGSUB(_xlpm.rb,_xlpm.pv),IF(LEFT(_xlpm.rb,1)="-",_xlpm.ra,IF(LEFT(_xlpm.rc,1)="-",_xlpm.rb,_xlpm.rc))))} -> 2533 | CN14: =IF(B14="","",F14-0.5) -> -0.2265625 | CO14: {=IF(B14="","",_xlfn.TEXTJOIN("",,MID(B14,_xlfn.SEQUENCE(LEN(B14),,LEN(B14),-1),1)))} -> 0641 | CP14: {=IF(B14="","",BASE2DEC(CO14,16))} -> 1601 | CQ14: =IF(B14="","",IF(AND(LEN(B14)<16,LEN(B14)=LEN(SUBSTITUTE(SUBSTITUTE(SUBSTITUTE(SUBSTITUTE(SUBSTITUTE(SUBSTITUTE(B14,"a",""),"b",""),"c",""),"d",""),"e",""),"f",""))),--B14,"")) -> 1460 | CR14: {=IF(B14="","",IF(LEN(D14)<=15,BASE2DEC(D14,16),""))} -> 21014 | CS14: {=IF(B14="","",_xlfn.LET(_xlpm.p,REPT("0",MOD(-LEN(B14),4))&B14,_xlfn.TEXTJOIN(" ",,MID(_xlpm.p,_xlfn.SEQUENCE(LEN(_xlpm.p)/4,,1,4),4))))} -> 1460 | CT14: {=IF(B14="","",UPPER(_xlfn.LET(_xlpm.p,REPT("0",64-LEN(B14))&B14,_xlfn.TEXTJOIN(" ",,MID(_xlpm.p,_xlfn.SEQUENCE(8,,1,8),8)))))} -> 00000000 00000000 00000000 00000000 00000000 00000000 00000000 00001460 | CU14: {=IF(B14="","",IF(LEN(D14)<=6,_xlfn.LET(_xlpm.n,VALUE(D14),_xlpm.ones,{"","one","two","three","four","five","six","seven","eight","nine","ten","eleven","twelve","thirteen","fourteen","fifteen","sixteen","seventeen","eighteen","nineteen"},_xlpm.tens,{"","","twenty","thirty","forty","fifty","sixty","seventy","eighty","ninety"},_xlpm.f,_xlfn.LAMBDA(_xlpm.x,TRIM(IF(_xlpm.x>=100,INDEX(_xlpm.ones,INT(_xlpm.x/100)+1)&" hundred ","")&IF(MOD(_xlpm.x,100)<20,INDEX(_xlpm.ones,MOD(_xlpm.x,100)+1),INDEX(_xlpm.tens,INT(MOD(_xlpm.x,100)/10)+1)&IF(MOD(_xlpm.x,10)>0,"-"&INDEX(_xlpm.ones,MOD(_xlpm.x,10)+1),"")))),TRIM(IF(_xlpm.n>=1000,_xlpm.f(INT(_xlpm.n/1000))&" thousand ","")&IF(MOD(_xlpm.n,1000)>0,_xlpm.f(MOD(_xlpm.n,1000)),""))),""))} -> five thousand two hundred sixteen | CV14: no | CW14: 2 | CX14: 2 | CY14: 2 × 163 | CZ14: no | DA14: no | DB14: 12 | DC14: 1120 above 2^12 | DD14: 4181 | DE14: 1035 | DF14: 5253 | DG14: 37 | DH14: even | DI14: cMahea7zqjxrtgAbB7LSGbcQUr1uX1ojuat9jZodMN8t5XnJQKi7 | DJ14: n4EbRMqvzUXc3WTm6VgRVnc5i1oqiwJBHX | DK14: tb1qlyedqxyxzmykgsttj8aeeamt49us4ys7mrv2rh | DL14: bc1p0xnptpcdrazsn72wj9s222x535tqmpkhwhnh3p56u6wu9x9634us0ajl32 | DM14: 79a615870d1f4509f94e9160a528d48d160d86d775e778869ae69dc298ba8d79 | DN14: T33ydQRKp4FCW5LCLLUB7deioUMoveiwekdwUwyfRDf3LgGJJvoY | DO14: LhwbPX4nG7LQXCgJZ4hLwtTX4EaQvqTHNT | DP14: ltc1qlyedqxyxzmykgsttj8aeeamt49us4ys74edaq5 | DQ14: QNcdLVw8fHkixm6NNyN6nVwxKek4u7qrioRbQmjxac6EGifJaHkB | DR14: DTrjfZhbUrzdoQAk7WhcDdZMj9wSCEZahm | DS14: A6raqrHbjV1FC1EXicN+fP6w64s+YaV6NBZsXtyaS4ad | DT14: {=IF(B14="","",_xlfn.TEXTJOIN("",,HEX2BIN(MID(BQ14,_xlfn.SEQUENCE(40),1),4)))} -> 1000100011000110010111011010101100111010100000001111000001010000001000110010000010111000110100111110010110100011010101000001011001011100011011000001010111110101
A15: 14 | B15: 2930 | C15: 10100100110000 | D15: 10544 | E15: 2352 | F15: 0.28710938 | G15: 5 | H15: 4 | I15: 11110101010000 | J15: 7 | K15: 2210300 | L15: 24460 | M15: a9g | N15: 00001100100101 | O15: 805 | P15: 11110110101000 | Q15: 11011011001111 | R15: 5839 | S15: 3029000000000000000000000000000000000000000000000000000000000000 | T15: 2.0214724 | U15: 0.35714286 | V15: KwDiBf89QgGbjEhKnhXJuH7LrciVrZi3qYjgd9M7rFVfZyiN5iEG | W15: 5HpHagT65TZzG1PH3CSu63k8DbpvD8s5ip4nEB3kEsrzgDWpY2w | X15: AAAAAAAAAAAAAAAAAAAAAAAAAAAAAAAAAAAAAAAAKTA= | Y15: 1001011111111001001010000001101000010011100000111000011110011101011100101010110001010010101001101010001111101001111010001011100110100100101001001111011001010101 | Z15: 9 | AA15: 7 | AB15: 81 | AC15: 1.069045 | AD15: 0 | AE15: 5 | AF15: 14 | AG15: 5 | AH15: 44501 | AI15: 13.364135 | AJ15: 11.199672 | AK15: 01001001100001 | AL15: 01010010011000 | AM15: 01011011001111 | AN15: 4 | AO15: 2 | AP15: 8 | AQ15: 1x1,0x1,1x1,0x2,1x1,0x2,1x2,0x4 | AR15: 4 | AS15: 0 | AT15: 0:1 2:1 3:1 9:1 | AU15: 2 | AV15: 4 | AW15: 2 | AX15: 6 | AY15: 48 | AZ15: 10544 | BA15: 5328 | BB15: 112 | BC15: 10545 | BD15: 10543 | BE15: 0x00 00 00 00 00 00 00 00 00 00 00 00 00 00 00 00 00 00 00 00 00 00 00 00 00 00 00 00 00 00 29 30 | BF15: 0,0,0,0,0,0,0,0,0,0,0,0,0,0,0,0,0,0,0,0,0,0,0,0,0,0,0,0,0,0,41,48 | BG15: ..............................)0 | BH15: 0.0.41.48 | BI15: 25569.122 | BJ15: 84w | BK15: AAAAAAAAAAAAAAAAAAAAAAAAAAAAAAAAAAAAAAAAAAAAAAAAFEYA==== | BL15: AAAAAAAAAAAAAAAAAAAAAAAAAAAAAAAAAAAAAAAAKTA | BM15: fffffffffffffffffffffffffffffffebaaedce6af48a03bbfd25e8cd0361811 | BN15: b4f1de58b8b41afe9fd4e5ffbdafaeab86c5db4769c15d6e6011ae7351e54759 | BO15: 7875ee3c7e4d1b5c753d3747c7d5774b583da4d075fb8caf8cab311b0f350483 | BP15: 04b4f1de58b8b41afe9fd4e5ffbdafaeab86c5db4769c15d6e6011ae7351e547597875ee3c7e4d1b5c753d3747c7d5774b583da4d075fb8caf8cab311b0f350483 | BQ15: b87be3de1d64465369fdfcac95047cdca05bac66 | BR15: 1HpTkLHDZ8zcqwkeNWiFfHBouiZvP9gj4Z | BS15: 3CX65tUEAt8e7fKocvEFbzY6cf1XVQi4iP | BT15: bc1qjlujsxsnswre6u4v22n2860ghxj2faj4ws7l43 | BU15: 9.1059761e-74 | BV15: 1011010011110001110111100101100010111000101101000001101011111110100111111101010011100101111111111011110110101111101011101010101110000110110001011101101101000111011010011100000101011101011011100110000000010001101011100111001101010001111001010100011101011001 | BW15: 8 | BX15: 3 | BY15: 0.53452248 | BZ15: -2.1380899 | CA15: =IF(B15="","",IF(A15<8,"",_xlfn.LET(_xlpm.n,A15,_xlpm.k,G15,_xlpm.R,AP15,_xlpm.mu,1+2*_xlpm.k*(_xlpm.n-_xlpm.k)/_xlpm.n,_xlpm.v,2*_xlpm.k*(_xlpm.n-_xlpm.k)*(2*_xlpm.k*(_xlpm.n-_xlpm.k)-_xlpm.n)/(_xlpm.n^2*(_xlpm.n-1)),IF(_xlpm.v<=0,"",(_xlpm.R-_xlpm.mu)/SQRT(_xlpm.v))))) -> 0.34876558 | CB15: {=IF(B15="","",IF(A15<8,"",_xlfn.LET(_xlpm.b,--MID(C15,_xlfn.SEQUENCE(A15-1),1),_xlpm.c,--MID(C15,_xlfn.SEQUENCE(A15-1,,2),1),IFERROR(CORREL(_xlpm.b,_xlpm.c),""))))} -> -0.1844662 | CC15: =IF(B15="","",LOG(A15,2)) -> 3.8073549 | CD15: =IF(B15="","",MAX(AN15,AO15)-CC15) -> 0.19264508 | CE15: {=IF(B15="","",IF(LEN(B15)<16,"",_xlfn.LET(_xlpm.d,MID("0123456789abcdef",_xlfn.SEQUENCE(16),1),_xlpm.c,LEN(B15)-LEN(SUBSTITUTE(B15,_xlpm.d,"")),_xlpm.ex,LEN(B15)/16,SUM((_xlpm.c-_xlpm.ex)^2/_xlpm.ex))))} | CF15: =IF(CE15="","",_xlfn.CHISQ.DIST.RT(CE15,15)) | CG15: {=IF(OR(B15="",B14=""),"",_xlfn.LET(_xlpm.a,C15,_xlpm.b,REPT("0",A15-LEN(C14))&C14,_xlpm.m,MID(_xlpm.a,_xlfn.SEQUENCE(A15),1)=MID(_xlpm.b,_xlfn.SEQUENCE(A15),1),IFERROR(MATCH(FALSE,_xlpm.m,0)-1,A15)))} -> 0 | CH15: {=IF(OR(B15="",B14=""),"",_xlfn.LET(_xlpm.a,C15,_xlpm.b,REPT("0",A15-LEN(C14))&C14,_xlpm.n,A15,_xlpm.m,MID(_xlpm.a,_xlfn.SEQUENCE(_xlpm.n,,_xlpm.n,-1),1)=MID(_xlpm.b,_xlfn.SEQUENCE(_xlpm.n,,_xlpm.n,-1),1),IFERROR(MATCH(FALSE,_xlpm.m,0)-1,_xlpm.n)))} -> 4 | CI15: =IF(OR(B15="",B14=""),"",F15-F14) -> 0.013671875 | CJ15: =IF(OR(B15="",B14=""),"",IFERROR(FIND(B14,B15)>0,FALSE)) -> FALSE | CK15: =IF(OR(B15="",B14=""),"",IFERROR(FIND(C14,C15)>0,FALSE)) -> FALSE | CL15: =IF(OR(B15="",B14=""),"",IFERROR(FIND(C14,C15),"")) | CM15: {=IF(OR(B15="",B14=""),"",_xlfn.LET(_xlpm.pv,D14,_xlpm.ra,BIGSUB(D15,_xlpm.pv),_xlpm.rb,BIGSUB(_xlpm.ra,_xlpm.pv),_xlpm.rc,BIGSUB(_xlpm.rb,_xlpm.pv),IF(LEFT(_xlpm.rb,1)="-",_xlpm.ra,IF(LEFT(_xlpm.rc,1)="-",_xlpm.rb,_xlpm.rc))))} -> 112 | CN15: =IF(B15="","",F15-0.5) -> -0.21289062 | CO15: {=IF(B15="","",_xlfn.TEXTJOIN("",,MID(B15,_xlfn.SEQUENCE(LEN(B15),,LEN(B15),-1),1)))} -> 0392 | CP15: {=IF(B15="","",BASE2DEC(CO15,16))} -> 914 | CQ15: =IF(B15="","",IF(AND(LEN(B15)<16,LEN(B15)=LEN(SUBSTITUTE(SUBSTITUTE(SUBSTITUTE(SUBSTITUTE(SUBSTITUTE(SUBSTITUTE(B15,"a",""),"b",""),"c",""),"d",""),"e",""),"f",""))),--B15,"")) -> 2930 | CR15: {=IF(B15="","",IF(LEN(D15)<=15,BASE2DEC(D15,16),""))} -> 66884 | CS15: {=IF(B15="","",_xlfn.LET(_xlpm.p,REPT("0",MOD(-LEN(B15),4))&B15,_xlfn.TEXTJOIN(" ",,MID(_xlpm.p,_xlfn.SEQUENCE(LEN(_xlpm.p)/4,,1,4),4))))} -> 2930 | CT15: {=IF(B15="","",UPPER(_xlfn.LET(_xlpm.p,REPT("0",64-LEN(B15))&B15,_xlfn.TEXTJOIN(" ",,MID(_xlpm.p,_xlfn.SEQUENCE(8,,1,8),8)))))} -> 00000000 00000000 00000000 00000000 00000000 00000000 00000000 00002930 | CU15: {=IF(B15="","",IF(LEN(D15)<=6,_xlfn.LET(_xlpm.n,VALUE(D15),_xlpm.ones,{"","one","two","three","four","five","six","seven","eight","nine","ten","eleven","twelve","thirteen","fourteen","fifteen","sixteen","seventeen","eighteen","nineteen"},_xlpm.tens,{"","","twenty","thirty","forty","fifty","sixty","seventy","eighty","ninety"},_xlpm.f,_xlfn.LAMBDA(_xlpm.x,TRIM(IF(_xlpm.x>=100,INDEX(_xlpm.ones,INT(_xlpm.x/100)+1)&" hundred ","")&IF(MOD(_xlpm.x,100)<20,INDEX(_xlpm.ones,MOD(_xlpm.x,100)+1),INDEX(_xlpm.tens,INT(MOD(_xlpm.x,100)/10)+1)&IF(MOD(_xlpm.x,10)>0,"-"&INDEX(_xlpm.ones,MOD(_xlpm.x,10)+1),"")))),TRIM(IF(_xlpm.n>=1000,_xlpm.f(INT(_xlpm.n/1000))&" thousand ","")&IF(MOD(_xlpm.n,1000)>0,_xlpm.f(MOD(_xlpm.n,1000)),""))),""))} -> ten thousand five hundred forty-four | CV15: no | CW15: 2 | CX15: 2 | CY15: 2 × 659 | CZ15: no | DA15: no | DB15: 13 | DC15: 2352 above 2^13 | DD15: 10946 | DE15: 402 | DF15: 10585 | DG15: 41 | DH15: even | DI15: cMahea7zqjxrtgAbB7LSGbcQUr1uX1ojuat9jZodMN9fpioFvz2G | DJ15: muNWojAb4E5KH3YoiFeN12GpELBE8xXkwr | DK15: tb1qjlujsxsnswre6u4v22n2860ghxj2faj4yk9vwz | DL15: bc1p3n7nn2pycf0hdmxg7wltzzp84rytpdq8mlhpf7uy0gm2s8nkrsnsa52qaq | DM15: 8cfd39a824c25f76ecc8f3beb10827a8c8b0b407dfee14fb847a36a81e761c27 | DN15: T33ydQRKp4FCW5LCLLUB7deioUMoveiwekdwUwyfRDfq5sBKiFtf | DO15: LZ5WmtPSKrt7kjmMApfHT88FaYwoSSp71D | DP15: ltc1qjlujsxsnswre6u4v22n2860ghxj2faj42vymdp | DQ15: QNcdLVw8fHkixm6NNyN6nVwxKek4u7qrioRbQmjxac721uccMGt4 | DR15: DJzf3w2FYcYM2wFnjGfYisE6FUJpdU4E8c | DS15: A7Tx3li4tBr+n9Tl/72vrquGxdtHacFdbmARrnNR5UdZ | DT15: {=IF(B15="","",_xlfn.TEXTJOIN("",,HEX2BIN(MID(BQ15,_xlfn.SEQUENCE(40),1),4)))} -> 1011100001111011111000111101111000011101011001000100011001010011011010011111110111111100101011001001010100000100011111001101110010100000010110111010110001100110
A16: 15 | B16: 68f3 | C16: 110100011110011 | D16: 26867 | E16: 10483 | F16: 0.63983154 | G16: 9 | H16: 0 | I16: 100000111000011 | J16: 6 | K16: 12203303 | L16: 64363 | M16: q7j | N16: 110011110001011 | O16: 26507 | P16: 101110010001010 | Q16: 101011100001100 | R16: 5900 | S16: f368000000000000000000000000000000000000000000000000000000000000 | T16: 2.5480842 | U16: 0.6 | V16: KwDiBf89QgGbjEhKnhXJuH7LrciVrZi3qYjgd9M7rFY5iMZbuRxj | W16: 5HpHagT65TZzG1PH3CSu63k8DbpvD8s5ip4nEB3kEssYRrMCmpZ | X16: AAAAAAAAAAAAAAAAAAAAAAAAAAAAAAAAAAAAAAAAaPM= | Y16: 1111111001111100010001010001001001100111001100011111011100111000010001100100000010110000101100000000010001011111110101000000101110101100011100101110001010100010 | Z16: 5 | AA16: 9 | AB16: 73 | AC16: -1.2909944 | AD16: 0.77459667 | AE16: 5 | AF16: 29 | AG16: 2 | AH16: 76862 | AI16: 14.713548 | AJ16: 13.355764 | AK16: 101000111100111 | AL16: 111010001111001 | AM16: 001011100001100 | AN16: 3 | AO16: 4 | AP16: 7 | AQ16: 1x2,0x1,1x1,0x3,1x4,0x2,1x2 | AR16: 4 | AS16: 3 | AT16: 3:1 6:1 8:1 f:1 | AU16: 2 | AV16: 2 | AW16: 1 | AX16: 5 | AY16: 243 | AZ16: 26867 | BA16: 16323 | BB16: 5779 | BC16: 26868 | BD16: 26866 | BE16: 0x00 00 00 00 00 00 00 00 00 00 00 00 00 00 00 00 00 00 00 00 00 00 00 00 00 00 00 00 00 00 68 f3 | BF16: 0,0,0,0,0,0,0,0,0,0,0,0,0,0,0,0,0,0,0,0,0,0,0,0,0,0,0,0,0,0,104,243 | BG16: ..............................h. | BH16: 0.0.104.243 | BI16: 25569.311 | BJ16: kqb | BK16: AAAAAAAAAAAAAAAAAAAAAAAAAAAAAAAAAAAAAAAAAAAAAAAANDZQ==== | BL16: AAAAAAAAAAAAAAAAAAAAAAAAAAAAAAAAAAAAAAAAaPM | BM16: fffffffffffffffffffffffffffffffebaaedce6af48a03bbfd25e8cd035d84e | BN16: fea58ffcf49566f6e9e9350cf5bca2861312f422966e8db16094beb14dc3df2c | BO16: c71136e9f21ec86870c3a999f045d712f848c6fd6ed9582521c3f7444c8f182e | BP16: 04fea58ffcf49566f6e9e9350cf5bca2861312f422966e8db16094beb14dc3df2cc71136e9f21ec86870c3a999f045d712f848c6fd6ed9582521c3f7444c8f182e | BQ16: 450153d2afb08cdd3bd4fae826c89e8400743862 | BR16: 17HsDU9MSyoYCrkDkPg2gz5ZwdX2kWLvBG | BS16: 3EiQhnQ5yhWpzWU3u29R1VgHmiqim1yhnc | BT16: bc1qle7y2yn8x8mns3jqkzcqgh75pwk89c4zqgxwrd | BU16: 2.3202794e-73 | BV16: 1111111010100101100011111111110011110100100101010110011011110110111010011110100100110101000011001111010110111100101000101000011000010011000100101111010000100010100101100110111010001101101100010110000010010100101111101011000101001101110000111101111100101100 | BW16: 12 | BX16: 7 | BY16: 2.32379 | BZ16: -0.25819889 | CA16: =IF(B16="","",IF(A16<8,"",_xlfn.LET(_xlpm.n,A16,_xlpm.k,G16,_xlpm.R,AP16,_xlpm.mu,1+2*_xlpm.k*(_xlpm.n-_xlpm.k)/_xlpm.n,_xlpm.v,2*_xlpm.k*(_xlpm.n-_xlpm.k)*(2*_xlpm.k*(_xlpm.n-_xlpm.k)-_xlpm.n)/(_xlpm.n^2*(_xlpm.n-1)),IF(_xlpm.v<=0,"",(_xlpm.R-_xlpm.mu)/SQRT(_xlpm.v))))) -> -0.67202151 | CB16: {=IF(B16="","",IF(A16<8,"",_xlfn.LET(_xlpm.b,--MID(C16,_xlfn.SEQUENCE(A16-1),1),_xlpm.c,--MID(C16,_xlfn.SEQUENCE(A16-1,,2),1),IFERROR(CORREL(_xlpm.b,_xlpm.c),""))))} -> 0.125 | CC16: =IF(B16="","",LOG(A16,2)) -> 3.9068906 | CD16: =IF(B16="","",MAX(AN16,AO16)-CC16) -> 0.093109404 | CE16: {=IF(B16="","",IF(LEN(B16)<16,"",_xlfn.LET(_xlpm.d,MID("0123456789abcdef",_xlfn.SEQUENCE(16),1),_xlpm.c,LEN(B16)-LEN(SUBSTITUTE(B16,_xlpm.d,"")),_xlpm.ex,LEN(B16)/16,SUM((_xlpm.c-_xlpm.ex)^2/_xlpm.ex))))} | CF16: =IF(CE16="","",_xlfn.CHISQ.DIST.RT(CE16,15)) | CG16: {=IF(OR(B16="",B15=""),"",_xlfn.LET(_xlpm.a,C16,_xlpm.b,REPT("0",A16-LEN(C15))&C15,_xlpm.m,MID(_xlpm.a,_xlfn.SEQUENCE(A16),1)=MID(_xlpm.b,_xlfn.SEQUENCE(A16),1),IFERROR(MATCH(FALSE,_xlpm.m,0)-1,A16)))} -> 0 | CH16: {=IF(OR(B16="",B15=""),"",_xlfn.LET(_xlpm.a,C16,_xlpm.b,REPT("0",A16-LEN(C15))&C15,_xlpm.n,A16,_xlpm.m,MID(_xlpm.a,_xlfn.SEQUENCE(_xlpm.n,,_xlpm.n,-1),1)=MID(_xlpm.b,_xlfn.SEQUENCE(_xlpm.n,,_xlpm.n,-1),1),IFERROR(MATCH(FALSE,_xlpm.m,0)-1,_xlpm.n)))} -> 0 | CI16: =IF(OR(B16="",B15=""),"",F16-F15) -> 0.35272217 | CJ16: =IF(OR(B16="",B15=""),"",IFERROR(FIND(B15,B16)>0,FALSE)) -> FALSE | CK16: =IF(OR(B16="",B15=""),"",IFERROR(FIND(C15,C16)>0,FALSE)) -> FALSE | CL16: =IF(OR(B16="",B15=""),"",IFERROR(FIND(C15,C16),"")) | CM16: {=IF(OR(B16="",B15=""),"",_xlfn.LET(_xlpm.pv,D15,_xlpm.ra,BIGSUB(D16,_xlpm.pv),_xlpm.rb,BIGSUB(_xlpm.ra,_xlpm.pv),_xlpm.rc,BIGSUB(_xlpm.rb,_xlpm.pv),IF(LEFT(_xlpm.rb,1)="-",_xlpm.ra,IF(LEFT(_xlpm.rc,1)="-",_xlpm.rb,_xlpm.rc))))} -> 5779 | CN16: =IF(B16="","",F16-0.5) -> 0.13983154 | CO16: {=IF(B16="","",_xlfn.TEXTJOIN("",,MID(B16,_xlfn.SEQUENCE(LEN(B16),,LEN(B16),-1),1)))} -> 3f86 | CP16: {=IF(B16="","",BASE2DEC(CO16,16))} -> 16262 | CQ16: =IF(B16="","",IF(AND(LEN(B16)<16,LEN(B16)=LEN(SUBSTITUTE(SUBSTITUTE(SUBSTITUTE(SUBSTITUTE(SUBSTITUTE(SUBSTITUTE(B16,"a",""),"b",""),"c",""),"d",""),"e",""),"f",""))),--B16,"")) | CR16: {=IF(B16="","",IF(LEN(D16)<=15,BASE2DEC(D16,16),""))} -> 157799 | CS16: {=IF(B16="","",_xlfn.LET(_xlpm.p,REPT("0",MOD(-LEN(B16),4))&B16,_xlfn.TEXTJOIN(" ",,MID(_xlpm.p,_xlfn.SEQUENCE(LEN(_xlpm.p)/4,,1,4),4))))} -> 68f3 | CT16: {=IF(B16="","",UPPER(_xlfn.LET(_xlpm.p,REPT("0",64-LEN(B16))&B16,_xlfn.TEXTJOIN(" ",,MID(_xlpm.p,_xlfn.SEQUENCE(8,,1,8),8)))))} -> 00000000 00000000 00000000 00000000 00000000 00000000 00000000 000068F3 | CU16: {=IF(B16="","",IF(LEN(D16)<=6,_xlfn.LET(_xlpm.n,VALUE(D16),_xlpm.ones,{"","one","two","three","four","five","six","seven","eight","nine","ten","eleven","twelve","thirteen","fourteen","fifteen","sixteen","seventeen","eighteen","nineteen"},_xlpm.tens,{"","","twenty","thirty","forty","fifty","sixty","seventy","eighty","ninety"},_xlpm.f,_xlfn.LAMBDA(_xlpm.x,TRIM(IF(_xlpm.x>=100,INDEX(_xlpm.ones,INT(_xlpm.x/100)+1)&" hundred ","")&IF(MOD(_xlpm.x,100)<20,INDEX(_xlpm.ones,MOD(_xlpm.x,100)+1),INDEX(_xlpm.tens,INT(MOD(_xlpm.x,100)/10)+1)&IF(MOD(_xlpm.x,10)>0,"-"&INDEX(_xlpm.ones,MOD(_xlpm.x,10)+1),"")))),TRIM(IF(_xlpm.n>=1000,_xlpm.f(INT(_xlpm.n/1000))&" thousand ","")&IF(MOD(_xlpm.n,1000)>0,_xlpm.f(MOD(_xlpm.n,1000)),""))),""))} -> twenty-six thousand eight hundred sixty-seven | CV16: no | CW16: 67 | CX16: 2 | CY16: 67 × 401 | CZ16: no | DA16: no | DB16: 15 | DC16: 5901 below 2^15 | DD16: 28657 | DE16: 1790 | DF16: 26796 | DG16: 71 | DH16: odd | DI16: cMahea7zqjxrtgAbB7LSGbcQUr1uX1ojuat9jZodMNC5y6fCGbii | DJ16: n4iYoCNVbxqmVXK7WedLX616Xpv8jLnPje | DK16: tb1qle7y2yn8x8mns3jqkzcqgh75pwk89c4z2waac7 | DL16: bc1pd7kv3aavrd9aa29ma8rlhc0ywuvd7xqhcen70ztx95n5z47apr9svtjzww | DM16: 6facc8f7ac1b4bdea8bbe9c7fbe1e47718df1817c667e789662d274157dd08cb | DN16: T33ydQRKp4FCW5LCLLUB7deioUMoveiwekdwUwyfRDiFEF7DH2YL | DO16: LiRYmMbLsbeZyDXeyDeFyBrXt3ghwzbnGB | DP16: ltc1qle7y2yn8x8mns3jqkzcqgh75pwk89c4zy5u2ma | DQ16: QNcdLVw8fHkixm6NNyN6nVwxKek4u7qrioRbQmjxac9SAHZ7Ytxa | DR16: DULh3QEA6MJoFR26XfeXEvxNYy3jCumFZy | DS16: Av6lj/z0lWb26ek1DPW8ooYTEvQilm6NsWCUvrFNw98s | DT16: {=IF(B16="","",_xlfn.TEXTJOIN("",,HEX2BIN(MID(BQ16,_xlfn.SEQUENCE(40),1),4)))} -> 0100010100000001010100111101001010101111101100001000110011011101001110111101010011111010111010000010011011001000100111101000010000000000011101000011100001100010
A17: 16 | B17: c936 | C17: 1100100100110110 | D17: 51510 | E17: 18742 | F17: 0.57196045 | G17: 8 | H17: 1 | I17: 1010000111000101 | J17: 7 | K17: 30210312 | L17: 144466 | M17: 1i9m | N17: 0110110010010011 | O17: 27795 | P17: 1010110110101101 | Q17: 1011011011001001 | R17: 14025 | S17: 36c9000000000000000000000000000000000000000000000000000000000000 | T17: 1.9172219 | U17: 0.5 | V17: KwDiBf89QgGbjEhKnhXJuH7LrciVrZi3qYjgd9M7rFbjHrFMWzJp | W17: 5HpHagT65TZzG1PH3CSu63k8DbpvD8s5ip4nEB3kEstNN85F5Mw | X17: AAAAAAAAAAAAAAAAAAAAAAAAAAAAAAAAAAAAAAAAyTY= | Y17: 0111000000100101101101001110111110110011111111110100001011101011010011010110110101110001111110101011011010110101001110110100111101001001011001111110001111011101 | Z17: 9 | AA17: 8 | AB17: 94 | AC17: 0.5 | AD17: 0 | AE17: 5 | AF17: 12 | AG17: 3 | AH17: 01515 | AI17: 15.652565 | AJ17: 14.193987 | AK17: 1001001001101101 | AL17: 0110010010011011 | AM17: 0011011011001001 | AN17: 2 | AO17: 2 | AP17: 10 | AQ17: 1x2,0x2,1x1,0x2,1x1,0x2,1x2,0x1,1x2,0x1 | AR17: 4 | AS17: 3 | AT17: 3:1 6:1 9:1 c:1 | AU17: 0 | AV17: 0 | AW17: 4 | AX17: 8 | AY17: 54 | AZ17: 51510 | BA17: 24643 | BB17: -2224 | BC17: 51511 | BD17: 51509 | BE17: 0x00 00 00 00 00 00 00 00 00 00 00 00 00 00 00 00 00 00 00 00 00 00 00 00 00 00 00 00 00 00 c9 36 | BF17: 0,0,0,0,0,0,0,0,0,0,0,0,0,0,0,0,0,0,0,0,0,0,0,0,0,0,0,0,0,0,201,54 | BG17: ...............................6 | BH17: 0.0.201.54 | BI17: 25569.596 | BJ17: 13qu | BK17: AAAAAAAAAAAAAAAAAAAAAAAAAAAAAAAAAAAAAAAAAAAAAAAAZE3A==== | BL17: AAAAAAAAAAAAAAAAAAAAAAAAAAAAAAAAAAAAAAAAyTY | BM17: fffffffffffffffffffffffffffffffebaaedce6af48a03bbfd25e8cd035780b | BN17: 9d8c5d35231d75eb87fd2c5f05f65281ed9573dc41853288c62ee94eb2590b7a | BO17: 83c227263dece3d7e8afe4005eff667bb90dd33ce17c663b1e83b303b12c0348 | BP17: 049d8c5d35231d75eb87fd2c5f05f65281ed9573dc41853288c62ee94eb2590b7a83c227263dece3d7e8afe4005eff667bb90dd33ce17c663b1e83b303b12c0348 | BQ17: 16f39f4f19379a80533da9c81f25beb85d1ef06c | BR17: 136MiPt1obHE3LaR95u4JcM9KgnxzSDa8m | BS17: 33jZuDRvEsym5SyekGVV5VZ6iaZAAtsdb1 | BT17: bc1qwqjmfmanlapwkntdw8atddfmfayk0c7a5ckf4h | BU17: 4.4484904e-73 | BV17: 1001110110001100010111010011010100100011000111010111010111101011100001111111110100101100010111110000010111110110010100101000000111101101100101010111001111011100010000011000010100110010100010001100011000101110111010010100111010110010010110010000101101111010 | BW17: 6 | BX17: 8 | BY17: -1 | BZ17: 0 | CA17: =IF(B17="","",IF(A17<8,"",_xlfn.LET(_xlpm.n,A17,_xlpm.k,G17,_xlpm.R,AP17,_xlpm.mu,1+2*_xlpm.k*(_xlpm.n-_xlpm.k)/_xlpm.n,_xlpm.v,2*_xlpm.k*(_xlpm.n-_xlpm.k)*(2*_xlpm.k*(_xlpm.n-_xlpm.k)-_xlpm.n)/(_xlpm.n^2*(_xlpm.n-1)),IF(_xlpm.v<=0,"",(_xlpm.R-_xlpm.mu)/SQRT(_xlpm.v))))) -> 0.51754917 | CB17: {=IF(B17="","",IF(A17<8,"",_xlfn.LET(_xlpm.b,--MID(C17,_xlfn.SEQUENCE(A17-1),1),_xlpm.c,--MID(C17,_xlfn.SEQUENCE(A17-1,,2),1),IFERROR(CORREL(_xlpm.b,_xlpm.c),""))))} -> -0.19642857 | CC17: =IF(B17="","",LOG(A17,2)) -> 4 | CD17: =IF(B17="","",MAX(AN17,AO17)-CC17) -> -2 | CE17: {=IF(B17="","",IF(LEN(B17)<16,"",_xlfn.LET(_xlpm.d,MID("0123456789abcdef",_xlfn.SEQUENCE(16),1),_xlpm.c,LEN(B17)-LEN(SUBSTITUTE(B17,_xlpm.d,"")),_xlpm.ex,LEN(B17)/16,SUM((_xlpm.c-_xlpm.ex)^2/_xlpm.ex))))} | CF17: =IF(CE17="","",_xlfn.CHISQ.DIST.RT(CE17,15)) | CG17: {=IF(OR(B17="",B16=""),"",_xlfn.LET(_xlpm.a,C17,_xlpm.b,REPT("0",A17-LEN(C16))&C16,_xlpm.m,MID(_xlpm.a,_xlfn.SEQUENCE(A17),1)=MID(_xlpm.b,_xlfn.SEQUENCE(A17),1),IFERROR(MATCH(FALSE,_xlpm.m,0)-1,A17)))} -> 0 | CH17: {=IF(OR(B17="",B16=""),"",_xlfn.LET(_xlpm.a,C17,_xlpm.b,REPT("0",A17-LEN(C16))&C16,_xlpm.n,A17,_xlpm.m,MID(_xlpm.a,_xlfn.SEQUENCE(_xlpm.n,,_xlpm.n,-1),1)=MID(_xlpm.b,_xlfn.SEQUENCE(_xlpm.n,,_xlpm.n,-1),1),IFERROR(MATCH(FALSE,_xlpm.m,0)-1,_xlpm.n)))} -> 0 | CI17: =IF(OR(B17="",B16=""),"",F17-F16) -> -0.067871094 | CJ17: =IF(OR(B17="",B16=""),"",IFERROR(FIND(B16,B17)>0,FALSE)) -> FALSE | CK17: =IF(OR(B17="",B16=""),"",IFERROR(FIND(C16,C17)>0,FALSE)) -> FALSE | CL17: =IF(OR(B17="",B16=""),"",IFERROR(FIND(C16,C17),"")) | CM17: {=IF(OR(B17="",B16=""),"",_xlfn.LET(_xlpm.pv,D16,_xlpm.ra,BIGSUB(D17,_xlpm.pv),_xlpm.rb,BIGSUB(_xlpm.ra,_xlpm.pv),_xlpm.rc,BIGSUB(_xlpm.rb,_xlpm.pv),IF(LEFT(_xlpm.rb,1)="-",_xlpm.ra,IF(LEFT(_xlpm.rc,1)="-",_xlpm.rb,_xlpm.rc))))} -> 24643 | CN17: =IF(B17="","",F17-0.5) -> 0.071960449 | CO17: {=IF(B17="","",_xlfn.TEXTJOIN("",,MID(B17,_xlfn.SEQUENCE(LEN(B17),,LEN(B17),-1),1)))} -> 639c | CP17: {=IF(B17="","",BASE2DEC(CO17,16))} -> 25500 | CQ17: =IF(B17="","",IF(AND(LEN(B17)<16,LEN(B17)=LEN(SUBSTITUTE(SUBSTITUTE(SUBSTITUTE(SUBSTITUTE(SUBSTITUTE(SUBSTITUTE(B17,"a",""),"b",""),"c",""),"d",""),"e",""),"f",""))),--B17,"")) | CR17: {=IF(B17="","",IF(LEN(D17)<=15,BASE2DEC(D17,16),""))} -> 333072 | CS17: {=IF(B17="","",_xlfn.LET(_xlpm.p,REPT("0",MOD(-LEN(B17),4))&B17,_xlfn.TEXTJOIN(" ",,MID(_xlpm.p,_xlfn.SEQUENCE(LEN(_xlpm.p)/4,,1,4),4))))} -> c936 | CT17: {=IF(B17="","",UPPER(_xlfn.LET(_xlpm.p,REPT("0",64-LEN(B17))&B17,_xlfn.TEXTJOIN(" ",,MID(_xlpm.p,_xlfn.SEQUENCE(8,,1,8),8)))))} -> 00000000 00000000 00000000 00000000 00000000 00000000 00000000 0000C936 | CU17: {=IF(B17="","",IF(LEN(D17)<=6,_xlfn.LET(_xlpm.n,VALUE(D17),_xlpm.ones,{"","one","two","three","four","five","six","seven","eight","nine","ten","eleven","twelve","thirteen","fourteen","fifteen","sixteen","seventeen","eighteen","nineteen"},_xlpm.tens,{"","","twenty","thirty","forty","fifty","sixty","seventy","eighty","ninety"},_xlpm.f,_xlfn.LAMBDA(_xlpm.x,TRIM(IF(_xlpm.x>=100,INDEX(_xlpm.ones,INT(_xlpm.x/100)+1)&" hundred ","")&IF(MOD(_xlpm.x,100)<20,INDEX(_xlpm.ones,MOD(_xlpm.x,100)+1),INDEX(_xlpm.tens,INT(MOD(_xlpm.x,100)/10)+1)&IF(MOD(_xlpm.x,10)>0,"-"&INDEX(_xlpm.ones,MOD(_xlpm.x,10)+1),"")))),TRIM(IF(_xlpm.n>=1000,_xlpm.f(INT(_xlpm.n/1000))&" thousand ","")&IF(MOD(_xlpm.n,1000)>0,_xlpm.f(MOD(_xlpm.n,1000)),""))),""))} -> fifty-one thousand five hundred ten | CV17: no | CW17: 2 | CX17: 5 | CY17: 2 × 3 × 5 × 17 × 101 | CZ17: no | DA17: no | DB17: 16 | DC17: 14026 below 2^16 | DD17: 46368 | DE17: 5142 | DF17: 51360 | DG17: 150 | DH17: even | DI17: cMahea7zqjxrtgAbB7LSGbcQUr1uX1ojuat9jZodMNFjYbGo9uU4 | DJ17: mqjw9TBVcGZk9A9m9jQPYEmwFyrNjJqYhr | DK17: tb1qwqjmfmanlapwkntdw8atddfmfayk0c7a77d6wy | DL17: bc1py58wttd82hehyk7mqy00ztwx5679ap4d9wrfgs2ruztwaes8ekvsnwfymx | DM17: 250ee5ada755f3725bdb011ef12dc6a6bc5e86ad2b86944143e096eee607cd99 | DN17: T33ydQRKp4FCW5LCLLUB7deioUMoveiwekdwUwyfRDmtojjLmPvy | DO17: LVSw7cQLsuNYcrNJcJRJzLdNcCcwtgtvRU | DP17: ltc1qwqjmfmanlapwkntdw8atddfmfayk0c7asyvdd8 | DQ17: QNcdLVw8fHkixm6NNyN6nVwxKek4u7qrioRbQmjxacD5jn8tg73A | DR17: DFN5Pf3A6f2mu3rkAkRaG5jDH7yy75JJJK | DS17: Ap2MXTUjHXXrh/0sXwX2UoHtlXPcQYUyiMYu6U6yWQt6 | DT17: {=IF(B17="","",_xlfn.TEXTJOIN("",,HEX2BIN(MID(BQ17,_xlfn.SEQUENCE(40),1),4)))} -> 0001011011110011100111110100111100011001001101111001101010000000010100110011110110101001110010000001111100100101101111101011100001011101000111101111000001101100
... A33: 32 | B33: b862a62e | C33: 10111000011000101010011000101110 | D33: 3093472814 | E33: 945989166 | F33: 0.44051053 | G33: 15 | H33: 1 | I33: 11000101001011010100000101101001 | J33: 14 | K33: 2320120222120232 | L33: 27030523056 | M33: 2s659he | N33: 01110100011001010100011000011101 | O33: 1952794141 | P33: 11100100010100111111010100111001 | Q33: 11000111100111010101100111010001 | R33: 1201494481 | S33: 2ea662b800000000000000000000000000000000000000000000000000000000 | T33: 1.4714087 | U33: 0.46875 | V33: KwDiBf89QgGbjEhKnhXJuH7LrciVrZi3qYjgd9MACNivtz8yMYTd | W33: 5HpHagT65TZzG1PH3CSu63k8DbpvD8s5ip4nEB3kmidEaBAp5Ee | X33: AAAAAAAAAAAAAAAAAAAAAAAAAAAAAAAAAAAAALhipi4= | Y33: 1001111001000010011000000001111011101010111011011100001001000100111000010101111100010111001101110101101011011011000011100010110011010000100011101111110111001001 | Z33: 19 | AA33: 10 | AB33: 83 | AC33: 1.0606602 | AD33: -2.1213203 | AE33: 10 | AF33: 41 | AG33: 5 | AH33: 4182743903 | AI33: 31.52658 | AJ33: 29.817248 | AK33: 01110000110001010100110001011101 | AL33: 01011100001100010101001100010111 | AM33: 01000111100111010101100111010001 | AN33: 4 | AO33: 3 | AP33: 18 | AQ33: 1x1,0x1,1x3,0x4,1x2,0x3,1x1,0x1,1x1,0x1,1x1,0x2,1x2,0x3,1x1,0x1,1x3,0x1 | AR33: 6 | AS33: 2 | AT33: 2:2 6:2 8:1 a:1 b:1 e:1 | AU33: 2 | AV33: 4 | AW33: 5 | AX33: 3 | AY33: 46 | AZ33: 42542 | BA33: 991084263 | BB33: -1111304288 | BC33: 3093472815 | BD33: 3093472813 | BE33: 0x00 00 00 00 00 00 00 00 00 00 00 00 00 00 00 00 00 00 00 00 00 00 00 00 00 00 00 00 b8 62 a6 2e | BF33: 0,0,0,0,0,0,0,0,0,0,0,0,0,0,0,0,0,0,0,0,0,0,0,0,0,0,0,0,184,98,166,46 | BG33: .............................b.. | BH33: 184.98.166.46 | BI33: 61373.083 | BJ33: 1f5ruwe | BK33: AAAAAAAAAAAAAAAAAAAAAAAAAAAAAAAAAAAAAAAAAAAABODCUYXA==== | BL33: AAAAAAAAAAAAAAAAAAAAAAAAAAAAAAAAAAAAALhipi4 | BM33: fffffffffffffffffffffffffffffffebaaedce6af48a03bbfd25e8c17d39b13 | BN33: 09c58240e50e3ba3f833c82655e8725c037a2294e14cf5d73a5df8d56159de69 | BO33: 4fd08050375c910eecb46adeb9ffde4614adbf875f0493ad8d0a117d23b219e0 | BP33: 0409c58240e50e3ba3f833c82655e8725c037a2294e14cf5d73a5df8d56159de694fd08050375c910eecb46adeb9ffde4614adbf875f0493ad8d0a117d23b219e0 | BQ33: f3d981f8da48c1762e33ab0a13ac4c294aa320fd | BR33: 1PEMmKGZWn4KBDhcUbnkETvjQkXNcaU1nf | BS33: 3LvidDesm3AgZHU9DfVXj2APVA1N9xsPvZ | BT33: bc1qnepxq8h2ahpyfc2lzum44kcw9nggalwfm2pjzz | BU33: 2.6715753e-68 | BV33: 0000100111000101100000100100000011100101000011100011101110100011111110000011001111001000001001100101010111101000011100100101110000000011011110100010001010010100111000010100110011110101110101110011101001011101111110001101010101100001010110011101111001101001 | BW33: 18 | BX33: 16 | BY33: 0.70710678 | BZ33: 0 | CA33: =IF(B33="","",IF(A33<8,"",_xlfn.LET(_xlpm.n,A33,_xlpm.k,G33,_xlpm.R,AP33,_xlpm.mu,1+2*_xlpm.k*(_xlpm.n-_xlpm.k)/_xlpm.n,_xlpm.v,2*_xlpm.k*(_xlpm.n-_xlpm.k)*(2*_xlpm.k*(_xlpm.n-_xlpm.k)-_xlpm.n)/(_xlpm.n^2*(_xlpm.n-1)),IF(_xlpm.v<=0,"",(_xlpm.R-_xlpm.mu)/SQRT(_xlpm.v))))) -> 0.38340761 | CB33: {=IF(B33="","",IF(A33<8,"",_xlfn.LET(_xlpm.b,--MID(C33,_xlfn.SEQUENCE(A33-1),1),_xlpm.c,--MID(C33,_xlfn.SEQUENCE(A33-1,,2),1),IFERROR(CORREL(_xlpm.b,_xlpm.c),""))))} -> -0.10041929 | CC33: =IF(B33="","",LOG(A33,2)) -> 5 | CD33: =IF(B33="","",MAX(AN33,AO33)-CC33) -> -1 | CE33: {=IF(B33="","",IF(LEN(B33)<16,"",_xlfn.LET(_xlpm.d,MID("0123456789abcdef",_xlfn.SEQUENCE(16),1),_xlpm.c,LEN(B33)-LEN(SUBSTITUTE(B33,_xlpm.d,"")),_xlpm.ex,LEN(B33)/16,SUM((_xlpm.c-_xlpm.ex)^2/_xlpm.ex))))} | CF33: =IF(CE33="","",_xlfn.CHISQ.DIST.RT(CE33,15)) | CG33: {=IF(OR(B33="",B32=""),"",_xlfn.LET(_xlpm.a,C33,_xlpm.b,REPT("0",A33-LEN(C32))&C32,_xlpm.m,MID(_xlpm.a,_xlfn.SEQUENCE(A33),1)=MID(_xlpm.b,_xlfn.SEQUENCE(A33),1),IFERROR(MATCH(FALSE,_xlpm.m,0)-1,A33)))} -> 0 | CH33: {=IF(OR(B33="",B32=""),"",_xlfn.LET(_xlpm.a,C33,_xlpm.b,REPT("0",A33-LEN(C32))&C32,_xlpm.n,A33,_xlpm.m,MID(_xlpm.a,_xlfn.SEQUENCE(_xlpm.n,,_xlpm.n,-1),1)=MID(_xlpm.b,_xlfn.SEQUENCE(_xlpm.n,,_xlpm.n,-1),1),IFERROR(MATCH(FALSE,_xlpm.m,0)-1,_xlpm.n)))} -> 0 | CI33: =IF(OR(B33="",B32=""),"",F33-F32) -> -0.51749139 | CJ33: =IF(OR(B33="",B32=""),"",IFERROR(FIND(B32,B33)>0,FALSE)) -> FALSE | CK33: =IF(OR(B33="",B32=""),"",IFERROR(FIND(C32,C33)>0,FALSE)) -> FALSE | CL33: =IF(OR(B33="",B32=""),"",IFERROR(FIND(C32,C33),"")) | CM33: {=IF(OR(B33="",B32=""),"",_xlfn.LET(_xlpm.pv,D32,_xlpm.ra,BIGSUB(D33,_xlpm.pv),_xlpm.rb,BIGSUB(_xlpm.ra,_xlpm.pv),_xlpm.rc,BIGSUB(_xlpm.rb,_xlpm.pv),IF(LEFT(_xlpm.rb,1)="-",_xlpm.ra,IF(LEFT(_xlpm.rc,1)="-",_xlpm.rb,_xlpm.rc))))} -> 991084263 | CN33: =IF(B33="","",F33-0.5) -> -0.059489467 | CO33: {=IF(B33="","",_xlfn.TEXTJOIN("",,MID(B33,_xlfn.SEQUENCE(LEN(B33),,LEN(B33),-1),1)))} -> e26a268b | CP33: {=IF(B33="","",BASE2DEC(CO33,16))} -> 3798607499 | CQ33: =IF(B33="","",IF(AND(LEN(B33)<16,LEN(B33)=LEN(SUBSTITUTE(SUBSTITUTE(SUBSTITUTE(SUBSTITUTE(SUBSTITUTE(SUBSTITUTE(B33,"a",""),"b",""),"c",""),"d",""),"e",""),"f",""))),--B33,"")) | CR33: {=IF(B33="","",IF(LEN(D33)<=15,BASE2DEC(D33,16),""))} -> 208629344276 | CS33: {=IF(B33="","",_xlfn.LET(_xlpm.p,REPT("0",MOD(-LEN(B33),4))&B33,_xlfn.TEXTJOIN(" ",,MID(_xlpm.p,_xlfn.SEQUENCE(LEN(_xlpm.p)/4,,1,4),4))))} -> b862 a62e | CT33: {=IF(B33="","",UPPER(_xlfn.LET(_xlpm.p,REPT("0",64-LEN(B33))&B33,_xlfn.TEXTJOIN(" ",,MID(_xlpm.p,_xlfn.SEQUENCE(8,,1,8),8)))))} -> 00000000 00000000 00000000 00000000 00000000 00000000 00000000 B862A62E | CU33: {=IF(B33="","",IF(LEN(D33)<=6,_xlfn.LET(_xlpm.n,VALUE(D33),_xlpm.ones,{"","one","two","three","four","five","six","seven","eight","nine","ten","eleven","twelve","thirteen","fourteen","fifteen","sixteen","seventeen","eighteen","nineteen"},_xlpm.tens,{"","","twenty","thirty","forty","fifty","sixty","seventy","eighty","ninety"},_xlpm.f,_xlfn.LAMBDA(_xlpm.x,TRIM(IF(_xlpm.x>=100,INDEX(_xlpm.ones,INT(_xlpm.x/100)+1)&" hundred ","")&IF(MOD(_xlpm.x,100)<20,INDEX(_xlpm.ones,MOD(_xlpm.x,100)+1),INDEX(_xlpm.tens,INT(MOD(_xlpm.x,100)/10)+1)&IF(MOD(_xlpm.x,10)>0,"-"&INDEX(_xlpm.ones,MOD(_xlpm.x,10)+1),"")))),TRIM(IF(_xlpm.n>=1000,_xlpm.f(INT(_xlpm.n/1000))&" thousand ","")&IF(MOD(_xlpm.n,1000)>0,_xlpm.f(MOD(_xlpm.n,1000)),""))),""))} | CV33: no | CW33: 2 | CX33: 4 | CY33: 2 × 23 × 3001 × 22409 | CZ33: no | DA33: no | DB33: 31 | DC33: 945989166 above 2^31 | DD33: 2971215073 | DE33: 122257741 | DF33: 3093501153 | DG33: 28339 | DH33: even | DI33: cMahea7zqjxrtgAbB7LSGbcQUr1uX1ojuat9jZofhVNw9jHXHeqG | DJ33: muwkaDEwTyGMzrLAjPqt8QrnWqjPJNtVk5 | DK33: tb1qnepxq8h2ahpyfc2lzum44kcw9nggalwf3v6pe3 | DL33: bc1pt4y3ngkfps7xxk9ewnhxqgdsspkz2963ndfzllqqtg3rx4kw2z3sss4uqu | DM33: 5d4919a2c90c3c6358b974ee6021b0806c2517519b522ffc005a223356ce50a3 | DN33: T33ydQRKp4FCW5LCLLUB7deioUMoveiwekdwUwyhmLu6Qsi3FQKp | DO33: LZekYNTnjc5AUYYiBxroaWiDs4VxQegDTL | DP33: ltc1qnepxq8h2ahpyfc2lzum44kcw9nggalwflkmk6j | DQ33: QNcdLVw8fHkixm6NNyN6nVwxKek4u7qrioRbQmjzvjLHLv8GzKjZ | DR33: DKZtpR6bxMjPkk39kQs4rFp4Xyrye92CCS | DS33: AgnFgkDlDjuj+DPIJlXoclwDeiKU4Uz11zpd+NVhWd5p | DT33: {=IF(B33="","",_xlfn.TEXTJOIN("",,HEX2BIN(MID(BQ33,_xlfn.SEQUENCE(40),1),4)))} -> 1111001111011001100000011111100011011010010010001100000101110110001011100011001110101011000010100001001110101100010011000010100101001010101000110010000011111101
A34: 33 | B34: 1a96ca8d8 | C34: 110101001011011001010100011011000 | D34: 7137437912 | E34: 2842470616 | F34: 0.66181426 | G34: 16 | H34: 3 | I34: 100010001000011100000111011110110 | J34: 15 | K34: 12221123022203120 | L34: 65133124330 | M34: 6kmpa6o | N34: 000110110001010100110110100101011 | O34: 908750123 | P34: 101111101110110101111110010110100 | Q34: 101010110100100110101011100100111 | R34: 1452496679 | S34: d8a86ca901000000000000000000000000000000000000000000000000000000 | T34: 2.3072574 | U34: 0.48484848 | V34: KwDiBf89QgGbjEhKnhXJuH7LrciVrZi3qYjgd9MDGKrXXQL647jj | W34: 5HpHagT65TZzG1PH3CSu63k8DbpvD8s5ip4nEB3mU31M4JzEsry | X34: AAAAAAAAAAAAAAAAAAAAAAAAAAAAAAAAAAAAAalsqNg= | Y34: 0100111000010101111001010001100010010111010100101101000111101010111101000100010011011111110101101011111111110011100110011111111010110000010001000011100101110111 | Z34: 15 | AA34: 17 | AB34: 89 | AC34: -0.52223297 | AD34: 0.17407766 | AE34: 10 | AF34: 44 | AG34: 8 | AH34: 2197347317 | AI34: 32.732759 | AJ34: 31.404498 | AK34: 101010010110110010101000110110001 | AL34: 011010100101101100101010001101100 | AM34: 001010110100100110101011100100111 | AN34: 3 | AO34: 2 | AP34: 22 | AQ34: 1x2,0x1,1x1,0x1,1x1,0x2,1x1,0x1,1x2,0x1,1x2,0x2,1x1,0x1,1x1,0x1,1x1,0x3,1x2,0x1,1x2,0x3 | AR34: 7 | AS34: 8 | AT34: 1:1 6:1 8:2 9:1 a:2 c:1 d:1 | AU34: 2 | AV34: 2 | AW34: 3 | AX34: 0 | AY34: 216 | AZ34: 43224 | BA34: 4043965098 | BB34: 950492284 | BC34: 7137437913 | BD34: 7137437911 | BE34: 0x00 00 00 00 00 00 00 00 00 00 00 00 00 00 00 00 00 00 00 00 00 00 00 00 00 00 00 01 a9 6c a8 d8 | BF34: 0,0,0,0,0,0,0,0,0,0,0,0,0,0,0,0,0,0,0,0,0,0,0,0,0,0,0,1,169,108,168,216 | BG34: .............................l.. | BH34: 169.108.168.216 | BJ34: 3a1g2c8 | BK34: AAAAAAAAAAAAAAAAAAAAAAAAAAAAAAAAAAAAAAAAAAAADKLMVDMA==== | BL34: AAAAAAAAAAAAAAAAAAAAAAAAAAAAAAAAAAAAAalsqNg | BM34: fffffffffffffffffffffffffffffffebaaedce6af48a03bbfd25e8b26c99869 | BN34: a355aa5e2e09dd44bb46a4722e9336e9e3ee4ee4e7b7a0cf5785b283bf2ab579 | BO34: 04162d6719ade112c0440936eaa0666052fd1fffb8562ad3629b0718c298495f | BP34: 04a355aa5e2e09dd44bb46a4722e9336e9e3ee4ee4e7b7a0cf5785b283bf2ab57904162d6719ade112c0440936eaa0666052fd1fffb8562ad3629b0718c298495f | BQ34: b7cfa6b2bc512d81e1bafab9054c1a6e4143c6c0 | BR34: 1HkuQxjFB2uxqKG2Fh4Vu3wZMkML5nZJs8 | BS34: 3PerDgbh2CN3U1WXbe8Ke2VNQ1RmMt5Wbq | BT34: bc1qfc272xyh2tg74azymlttluuel6cygwthy2w7lt | BU34: 6.1640117e-68 | BV34: 1010001101010101101010100101111000101110000010011101110101000100101110110100011010100100011100100010111010010011001101101110100111100011111011100100111011100100111001111011011110100000110011110101011110000101101100101000001110111111001010101011010101111001 | BW34: 13 | BX34: 21 | BY34: -1.2185436 | BZ34: 1.5666989 | CA34: =IF(B34="","",IF(A34<8,"",_xlfn.LET(_xlpm.n,A34,_xlpm.k,G34,_xlpm.R,AP34,_xlpm.mu,1+2*_xlpm.k*(_xlpm.n-_xlpm.k)/_xlpm.n,_xlpm.v,2*_xlpm.k*(_xlpm.n-_xlpm.k)*(2*_xlpm.k*(_xlpm.n-_xlpm.k)-_xlpm.n)/(_xlpm.n^2*(_xlpm.n-1)),IF(_xlpm.v<=0,"",(_xlpm.R-_xlpm.mu)/SQRT(_xlpm.v))))) -> 1.5986425 | CB34: {=IF(B34="","",IF(A34<8,"",_xlfn.LET(_xlpm.b,--MID(C34,_xlfn.SEQUENCE(A34-1),1),_xlpm.c,--MID(C34,_xlfn.SEQUENCE(A34-1,,2),1),IFERROR(CORREL(_xlpm.b,_xlpm.c),""))))} -> -0.31311215 | CC34: =IF(B34="","",LOG(A34,2)) -> 5.0443941 | CD34: =IF(B34="","",MAX(AN34,AO34)-CC34) -> -2.0443941 | CE34: {=IF(B34="","",IF(LEN(B34)<16,"",_xlfn.LET(_xlpm.d,MID("0123456789abcdef",_xlfn.SEQUENCE(16),1),_xlpm.c,LEN(B34)-LEN(SUBSTITUTE(B34,_xlpm.d,"")),_xlpm.ex,LEN(B34)/16,SUM((_xlpm.c-_xlpm.ex)^2/_xlpm.ex))))} | CF34: =IF(CE34="","",_xlfn.CHISQ.DIST.RT(CE34,15)) | CG34: {=IF(OR(B34="",B33=""),"",_xlfn.LET(_xlpm.a,C34,_xlpm.b,REPT("0",A34-LEN(C33))&C33,_xlpm.m,MID(_xlpm.a,_xlfn.SEQUENCE(A34),1)=MID(_xlpm.b,_xlfn.SEQUENCE(A34),1),IFERROR(MATCH(FALSE,_xlpm.m,0)-1,A34)))} -> 0 | CH34: {=IF(OR(B34="",B33=""),"",_xlfn.LET(_xlpm.a,C34,_xlpm.b,REPT("0",A34-LEN(C33))&C33,_xlpm.n,A34,_xlpm.m,MID(_xlpm.a,_xlfn.SEQUENCE(_xlpm.n,,_xlpm.n,-1),1)=MID(_xlpm.b,_xlfn.SEQUENCE(_xlpm.n,,_xlpm.n,-1),1),IFERROR(MATCH(FALSE,_xlpm.m,0)-1,_xlpm.n)))} -> 1 | CI34: =IF(OR(B34="",B33=""),"",F34-F33) -> 0.22130373 | CJ34: =IF(OR(B34="",B33=""),"",IFERROR(FIND(B33,B34)>0,FALSE)) -> FALSE | CK34: =IF(OR(B34="",B33=""),"",IFERROR(FIND(C33,C34)>0,FALSE)) -> FALSE | CL34: =IF(OR(B34="",B33=""),"",IFERROR(FIND(C33,C34),"")) | CM34: {=IF(OR(B34="",B33=""),"",_xlfn.LET(_xlpm.pv,D33,_xlpm.ra,BIGSUB(D34,_xlpm.pv),_xlpm.rb,BIGSUB(_xlpm.ra,_xlpm.pv),_xlpm.rc,BIGSUB(_xlpm.rb,_xlpm.pv),IF(LEFT(_xlpm.rb,1)="-",_xlpm.ra,IF(LEFT(_xlpm.rc,1)="-",_xlpm.rb,_xlpm.rc))))} -> 950492284 | CN34: =IF(B34="","",F34-0.5) -> 0.16181426 | CO34: {=IF(B34="","",_xlfn.TEXTJOIN("",,MID(B34,_xlfn.SEQUENCE(LEN(B34),,LEN(B34),-1),1)))} -> 8d8ac69a1 | CP34: {=IF(B34="","",BASE2DEC(CO34,16))} -> 37994916257 | CQ34: =IF(B34="","",IF(AND(LEN(B34)<16,LEN(B34)=LEN(SUBSTITUTE(SUBSTITUTE(SUBSTITUTE(SUBSTITUTE(SUBSTITUTE(SUBSTITUTE(B34,"a",""),"b",""),"c",""),"d",""),"e",""),"f",""))),--B34,"")) | CR34: {=IF(B34="","",IF(LEN(D34)<=15,BASE2DEC(D34,16),""))} -> 486258473234 | CS34: {=IF(B34="","",_xlfn.LET(_xlpm.p,REPT("0",MOD(-LEN(B34),4))&B34,_xlfn.TEXTJOIN(" ",,MID(_xlpm.p,_xlfn.SEQUENCE(LEN(_xlpm.p)/4,,1,4),4))))} -> 0001 a96c a8d8 | CT34: {=IF(B34="","",UPPER(_xlfn.LET(_xlpm.p,REPT("0",64-LEN(B34))&B34,_xlfn.TEXTJOIN(" ",,MID(_xlpm.p,_xlfn.SEQUENCE(8,,1,8),8)))))} -> 00000000 00000000 00000000 00000000 00000000 00000000 00000001 A96CA8D8 | CU34: {=IF(B34="","",IF(LEN(D34)<=6,_xlfn.LET(_xlpm.n,VALUE(D34),_xlpm.ones,{"","one","two","three","four","five","six","seven","eight","nine","ten","eleven","twelve","thirteen","fourteen","fifteen","sixteen","seventeen","eighteen","nineteen"},_xlpm.tens,{"","","twenty","thirty","forty","fifty","sixty","seventy","eighty","ninety"},_xlpm.f,_xlfn.LAMBDA(_xlpm.x,TRIM(IF(_xlpm.x>=100,INDEX(_xlpm.ones,INT(_xlpm.x/100)+1)&" hundred ","")&IF(MOD(_xlpm.x,100)<20,INDEX(_xlpm.ones,MOD(_xlpm.x,100)+1),INDEX(_xlpm.tens,INT(MOD(_xlpm.x,100)/10)+1)&IF(MOD(_xlpm.x,10)>0,"-"&INDEX(_xlpm.ones,MOD(_xlpm.x,10)+1),"")))),TRIM(IF(_xlpm.n>=1000,_xlpm.f(INT(_xlpm.n/1000))&" thousand ","")&IF(MOD(_xlpm.n,1000)>0,_xlpm.f(MOD(_xlpm.n,1000)),""))),""))} | CV34: no | CW34: 2 | CX34: 4 | CY34: 2 × 11 × 751 × 107999 | CZ34: no | DA34: no | DB34: 33 | DC34: 1452496680 below 2^33 | DD34: 7778742049 | DE34: 641304137 | DF34: 7137436503 | DG34: 1409 | DH34: even | DI34: cMahea7zqjxrtgAbB7LSGbcQUr1uX1ojuat9jZoimSWXn9LnStbA | DJ34: mndqEJSio2hKr667Be4Ywema9F45Uwi4sD | DK34: tb1qfc272xyh2tg74azymlttluuel6cygwthwv4dyc | DL34: bc1pfuledjgrfhehxuyhkpa6envxlxt6vjtx86vep6e4trkxwashzmqsvu2ukf | DM34: 4f3f96c9034df3737097b07baccd86f997a649663e9990eb3558ec67761716c1 | DN34: T33ydQRKp4FCW5LCLLUB7deioUMoveiwekdwUwykqJ2h3HqSMpuX | DO34: LSLqCTfa4fW8KnJeeD5UPkd1VTped9ppZu | DP34: ltc1qfc272xyh2tg74azymlttluuel6cygwthqk568m | DQ34: QNcdLVw8fHkixm6NNyN6nVwxKek4u7qrioRbQmk3zgTsyLHQnnz4 | DR34: DCFyUWJPHRAMbyo6Cf5jfVirAPBfrATfhg | DS34: A6NVql4uCd1Eu0akci6TNunj7k7k57egz1eFsoO/KrV5 | DT34: {=IF(B34="","",_xlfn.TEXTJOIN("",,HEX2BIN(MID(BQ34,_xlfn.SEQUENCE(40),1),4)))} -> 1011011111001111101001101011001010111100010100010010110110000001111000011011101011111010101110010000010101001100000110100110111001000001010000111100011011000000
A35: 34 | B35: 34a65911d | C35: 1101001010011001011001000100011101 | D35: 14133072157 | E35: 5543137565 | F35: 0.64530614 | G35: 16 | H35: 0 | I35: 1011100011000010010011100111000101 | J35: 16 | K35: 31022121121010131 | L35: 151231310435 | M35: d56b48t | N35: 1011100010001001101001100101001011 | O35: 12384115019 | P35: 1011101111010101110101100110010011 | Q35: 1010110101100110100110111011100010 | R35: 3046797026 | S35: 1d91654a03000000000000000000000000000000000000000000000000000000 | T35: 1.9801324 | U35: 0.47058824 | V35: KwDiBf89QgGbjEhKnhXJuH7LrciVrZi3qYjgd9MJaAKqns7PN9Ra | W35: 5HpHagT65TZzG1PH3CSu63k8DbpvD8s5ip4nEB3nfnAFgUF9hzZ | X35: AAAAAAAAAAAAAAAAAAAAAAAAAAAAAAAAAAAAA0plkR0= | Y35: 1111011011010110011111010111100110000011101111110111000001000101000011110010100101011100100111001011100000101000110110101010101100100110010111110001101111111010 | Z35: 17 | AA35: 17 | AB35: 84 | AC35: 0 | AD35: 0 | AE35: 11 | AF35: 34 | AG35: 7 | AH35: 75127033141 | AI35: 33.718356 | AJ35: 32.368056 | AK35: 1010010100110010110010001000111011 | AL35: 1110100101001100101100100010001110 | AM35: 0010110101100110100110111011100010 | AN35: 3 | AO35: 3 | AP35: 21 | AQ35: 1x2,0x1,1x1,0x2,1x1,0x1,1x1,0x2,1x2,0x2,1x1,0x1,1x2,0x2,1x1,0x3,1x1,0x3,1x3,0x1,1x1 | AR35: 8 | AS35: 1 | AT35: 1:2 3:1 4:1 5:1 6:1 9:1 a:1 d:1 | AU35: 1 | AV35: 2 | AW35: 1 | AX35: 6 | AY35: 29 | AZ35: 37149 | BA35: 6995634245 | BB35: -141803667 | BC35: 14133072158 | BD35: 14133072156 | BE35: 0x00 00 00 00 00 00 00 00 00 00 00 00 00 00 00 00 00 00 00 00 00 00 00 00 00 00 00 03 4a 65 91 1d | BF35: 0,0,0,0,0,0,0,0,0,0,0,0,0,0,0,0,0,0,0,0,0,0,0,0,0,0,0,3,74,101,145,29 | BG35: ............................Je.. | BH35: 74.101.145.29 | BJ35: 6hqgs9p | BK35: AAAAAAAAAAAAAAAAAAAAAAAAAAAAAAAAAAAAAAAAAAAAGSTFSEOQ==== | BL35: AAAAAAAAAAAAAAAAAAAAAAAAAAAAAAAAAAAAA0plkR0 | BM35: fffffffffffffffffffffffffffffffebaaedce6af48a03bbfd25e8985d0b024 | BN35: 3cdd9d6d97cbfe7c26f902faf6a435780fe652e159ec953650ec7b1004082790 | BO35: c7fd4dd8b1c621129b2277c44a3fd706e17783cafc47894cfe5fbc912e7b67bb | BP35: 043cdd9d6d97cbfe7c26f902faf6a435780fe652e159ec953650ec7b1004082790c7fd4dd8b1c621129b2277c44a3fd706e17783cafc47894cfe5fbc912e7b67bb | BQ35: 9996de5801da8d0fc6dbc5a45a0a67d8015858e6 | BR35: 1F177t12B6VewoZrRh1g9ihMxhWM9e3qwQ | BS35: 37H1pg192zJ6rZFHEM6SptqTFrx1yKuW7F | BT35: bc1q7mt867vrhacy2reftjwts2x64vn97xl6au29r0 | BU35: 1.2205559e-67 | BV35: 0011110011011101100111010110110110010111110010111111111001111100001001101111100100000010111110101111011010100100001101010111100000001111111001100101001011100001010110011110110010010101001101100101000011101100011110110001000000000100000010000010011110010000 | BW35: 20 | BX35: 19 | BY35: 1.0289915 | BZ35: 0.68599434 | CA35: =IF(B35="","",IF(A35<8,"",_xlfn.LET(_xlpm.n,A35,_xlpm.k,G35,_xlpm.R,AP35,_xlpm.mu,1+2*_xlpm.k*(_xlpm.n-_xlpm.k)/_xlpm.n,_xlpm.v,2*_xlpm.k*(_xlpm.n-_xlpm.k)*(2*_xlpm.k*(_xlpm.n-_xlpm.k)-_xlpm.n)/(_xlpm.n^2*(_xlpm.n-1)),IF(_xlpm.v<=0,"",(_xlpm.R-_xlpm.mu)/SQRT(_xlpm.v))))) -> 1.0692504 | CB35: {=IF(B35="","",IF(A35<8,"",_xlfn.LET(_xlpm.b,--MID(C35,_xlfn.SEQUENCE(A35-1),1),_xlpm.c,--MID(C35,_xlfn.SEQUENCE(A35-1,,2),1),IFERROR(CORREL(_xlpm.b,_xlpm.c),""))))} -> -0.22222222 | CC35: =IF(B35="","",LOG(A35,2)) -> 5.0874628 | CD35: =IF(B35="","",MAX(AN35,AO35)-CC35) -> -2.0874628 | CE35: {=IF(B35="","",IF(LEN(B35)<16,"",_xlfn.LET(_xlpm.d,MID("0123456789abcdef",_xlfn.SEQUENCE(16),1),_xlpm.c,LEN(B35)-LEN(SUBSTITUTE(B35,_xlpm.d,"")),_xlpm.ex,LEN(B35)/16,SUM((_xlpm.c-_xlpm.ex)^2/_xlpm.ex))))} | CF35: =IF(CE35="","",_xlfn.CHISQ.DIST.RT(CE35,15)) | CG35: {=IF(OR(B35="",B34=""),"",_xlfn.LET(_xlpm.a,C35,_xlpm.b,REPT("0",A35-LEN(C34))&C34,_xlpm.m,MID(_xlpm.a,_xlfn.SEQUENCE(A35),1)=MID(_xlpm.b,_xlfn.SEQUENCE(A35),1),IFERROR(MATCH(FALSE,_xlpm.m,0)-1,A35)))} -> 0 | CH35: {=IF(OR(B35="",B34=""),"",_xlfn.LET(_xlpm.a,C35,_xlpm.b,REPT("0",A35-LEN(C34))&C34,_xlpm.n,A35,_xlpm.m,MID(_xlpm.a,_xlfn.SEQUENCE(_xlpm.n,,_xlpm.n,-1),1)=MID(_xlpm.b,_xlfn.SEQUENCE(_xlpm.n,,_xlpm.n,-1),1),IFERROR(MATCH(FALSE,_xlpm.m,0)-1,_xlpm.n)))} -> 0 | CI35: =IF(OR(B35="",B34=""),"",F35-F34) -> -0.01650812 | CJ35: =IF(OR(B35="",B34=""),"",IFERROR(FIND(B34,B35)>0,FALSE)) -> FALSE | CK35: =IF(OR(B35="",B34=""),"",IFERROR(FIND(C34,C35)>0,FALSE)) -> FALSE | CL35: =IF(OR(B35="",B34=""),"",IFERROR(FIND(C34,C35),"")) | CM35: {=IF(OR(B35="",B34=""),"",_xlfn.LET(_xlpm.pv,D34,_xlpm.ra,BIGSUB(D35,_xlpm.pv),_xlpm.rb,BIGSUB(_xlpm.ra,_xlpm.pv),_xlpm.rc,BIGSUB(_xlpm.rb,_xlpm.pv),IF(LEFT(_xlpm.rb,1)="-",_xlpm.ra,IF(LEFT(_xlpm.rc,1)="-",_xlpm.rb,_xlpm.rc))))} -> 6995634245 | CN35: =IF(B35="","",F35-0.5) -> 0.14530614 | CO35: {=IF(B35="","",_xlfn.TEXTJOIN("",,MID(B35,_xlfn.SEQUENCE(LEN(B35),,LEN(B35),-1),1)))} -> d11956a43 | CP35: {=IF(B35="","",BASE2DEC(CO35,16))} -> 56129579587 | CQ35: =IF(B35="","",IF(AND(LEN(B35)<16,LEN(B35)=LEN(SUBSTITUTE(SUBSTITUTE(SUBSTITUTE(SUBSTITUTE(SUBSTITUTE(SUBSTITUTE(B35,"a",""),"b",""),"c",""),"d",""),"e",""),"f",""))),--B35,"")) | CR35: {=IF(B35="","",IF(LEN(D35)<=15,BASE2DEC(D35,16),""))} -> 1379540607319 | CS35: {=IF(B35="","",_xlfn.LET(_xlpm.p,REPT("0",MOD(-LEN(B35),4))&B35,_xlfn.TEXTJOIN(" ",,MID(_xlpm.p,_xlfn.SEQUENCE(LEN(_xlpm.p)/4,,1,4),4))))} -> 0003 4a65 911d | CT35: {=IF(B35="","",UPPER(_xlfn.LET(_xlpm.p,REPT("0",64-LEN(B35))&B35,_xlfn.TEXTJOIN(" ",,MID(_xlpm.p,_xlfn.SEQUENCE(8,,1,8),8)))))} -> 00000000 00000000 00000000 00000000 00000000 00000000 00000003 4A65911D | CU35: {=IF(B35="","",IF(LEN(D35)<=6,_xlfn.LET(_xlpm.n,VALUE(D35),_xlpm.ones,{"","one","two","three","four","five","six","seven","eight","nine","ten","eleven","twelve","thirteen","fourteen","fifteen","sixteen","seventeen","eighteen","nineteen"},_xlpm.tens,{"","","twenty","thirty","forty","fifty","sixty","seventy","eighty","ninety"},_xlpm.f,_xlfn.LAMBDA(_xlpm.x,TRIM(IF(_xlpm.x>=100,INDEX(_xlpm.ones,INT(_xlpm.x/100)+1)&" hundred ","")&IF(MOD(_xlpm.x,100)<20,INDEX(_xlpm.ones,MOD(_xlpm.x,100)+1),INDEX(_xlpm.tens,INT(MOD(_xlpm.x,100)/10)+1)&IF(MOD(_xlpm.x,10)>0,"-"&INDEX(_xlpm.ones,MOD(_xlpm.x,10)+1),"")))),TRIM(IF(_xlpm.n>=1000,_xlpm.f(INT(_xlpm.n/1000))&" thousand ","")&IF(MOD(_xlpm.n,1000)>0,_xlpm.f(MOD(_xlpm.n,1000)),""))),""))} | CV35: no | CW35: 19 | CX35: 4 | CY35: 19 × 41 × 131 × 138493 | CZ35: no | DA35: no | DB35: 34 | DC35: 3046797027 below 2^34 | DD35: 12586269025 | DE35: 1546803132 | DF35: 14133091875 | DG35: 19718 | DH35: odd | DI35: cMahea7zqjxrtgAbB7LSGbcQUr1uX1ojuat9jZop5Gyr3cDTDR9v | DJ35: n427UHCnHc8WoGis8GgJKdd8nmoYxokATM | DK35: tb1q7mt867vrhacy2reftjwts2x64vn97xl6h63kcu | DL35: bc1pg8su8dzrqwff7xadp5csxstr2a50gp3qmq5wcayplflppx7z79pspj6h9g | DM35: 41e1c3b44303929f1bad0d310341635768f40620d828ec7481fa7e109bc2f143 | DN35: T33ydQRKp4FCW5LCLLUB7deioUMoveiwekdwUwyr98W1Jkh8XBnW | DO35: Lhj7SSRdZEwKGxwQaqhDmjUa8za8BJFSjw | DP35: ltc1q7mt867vrhacy2reftjwts2x64vn97xl6eqspml | DQ35: QNcdLVw8fHkixm6NNyN6nVwxKek4u7qrioRbQmk9JWwCEoA8U8kR | DR35: DTeFiV4SmzbYZARr9HhV3UaQouw9LfFe7g | DS35: AzzdnW2Xy/58JvkC+vakNXgP5lLhWeyVNlDsexAECCeQ | DT35: {=IF(B35="","",_xlfn.TEXTJOIN("",,HEX2BIN(MID(BQ35,_xlfn.SEQUENCE(40),1),4)))} -> 1001100110010110110111100101100000000001110110101000110100001111110001101101101111000101101001000101101000001010011001111101100000000001010110000101100011100110
A36: 35 | B36: 4aed21170 | C36: 10010101110110100100001000101110000 | D36: 20112871792 | E36: 2933002608 | F36: 0.17072322 | G36: 15 | H36: 4 | I36: 11111100100101101111000000001101101 | J36: 19 | K36: 102232310201011300 | L36: 225664410560 | M36: ind44bg | N36: 00001110100010000100101101110101001 | O36: 1950505897 | P36: 11011111001101110110001100111001000 | Q36: 11101010001001011011110111010001111 | R36: 14246866575 | S36: 7011d2ae04000000000000000000000000000000000000000000000000000000 | T36: 1.4231068 | U36: 0.42857143 | V36: KwDiBf89QgGbjEhKnhXJuH7LrciVrZi3qYjgd9MP7J9oTbu6KuRr | W36: 5HpHagT65TZzG1PH3CSu63k8DbpvD8s5ip4nEB3ohPvCS9khB9n | X36: AAAAAAAAAAAAAAAAAAAAAAAAAAAAAAAAAAAABK7SEXA= | Y36: 1111011011011000110011100010001001011111111110111101111011001110110000010111000011111000001010011000110000111111110000101000101011100110100001101101111100100101 | Z36: 16 | AA36: 11 | AB36: 85 | AC36: -0.50709255 | AD36: -2.1974011 | AE36: 11 | AF36: 40 | AG36: 4 | AH36: 29717821102 | AI36: 34.2274 | AJ36: 31.449731 | AK36: 00101011101101001000010001011100001 | AL36: 01001010111011010010000100010111000 | AM36: 01101010001001011011110111010001111 | AN36: 4 | AO36: 3 | AP36: 20 | AQ36: 1x1,0x2,1x1,0x1,1x1,0x1,1x3,0x1,1x2,0x1,1x1,0x2,1x1,0x4,1x1,0x3,1x1,0x1,1x3,0x4 | AR36: 8 | AS36: 1 | AT36: 0:1 1:2 2:1 4:1 7:1 a:1 d:1 e:1 | AU36: 1 | AV36: 2 | AW36: 6 | AX36: 2 | AY36: 112 | AZ36: 4464 | BA36: 5979799635 | BB36: -8153272522 | BC36: 20112871793 | BD36: 20112871791 | BE36: 0x00 00 00 00 00 00 00 00 00 00 00 00 00 00 00 00 00 00 00 00 00 00 00 00 00 00 00 04 ae d2 11 70 | BF36: 0,0,0,0,0,0,0,0,0,0,0,0,0,0,0,0,0,0,0,0,0,0,0,0,0,0,0,4,174,210,17,112 | BG36: ...............................p | BH36: 174.210.17.112 | BJ36: 98mon74 | BK36: AAAAAAAAAAAAAAAAAAAAAAAAAAAAAAAAAAAAAAAAAAAAJLWSCFYA==== | BL36: AAAAAAAAAAAAAAAAAAAAAAAAAAAAAAAAAAAABK7SEXA | BM36: fffffffffffffffffffffffffffffffebaaedce6af48a03bbfd25e8821642fd1 | BN36: f6a8148a62320e149cb15c544fe8a25ab483a0095d2280d03b8a00a7feada13d | BO36: 8fde318a70a6dbed63953f4bb93087820e5ccb071faa514204ad19650e5a86ee | BP36: 04f6a8148a62320e149cb15c544fe8a25ab483a0095d2280d03b8a00a7feada13d8fde318a70a6dbed63953f4bb93087820e5ccb071faa514204ad19650e5a86ee | BQ36: 95abdedcdb5f997f5fbab7a3e667e6d9f9735438 | BR36: 1EePaMnjNHn5wofq8pGmfbjsCznGQtzozG | BS36: 35tQq6awbSq6hK4J7fFNWVXjTNHRy3183n | BT36: bc1q7mvvugjll00vastslq5cc07z3tngdhe9wxd8ft | BU36: 1.7369815e-67 | BV36: 1111011010101000000101001000101001100010001100100000111000010100100111001011000101011100010101000100111111101000101000100101101010110100100000111010000000001001010111010010001010000000110100000011101110001010000000001010011111111110101011011010000100111101 | BW36: 18 | BX36: 17 | BY36: 0.16903085 | BZ36: -0.16903085 | CA36: =IF(B36="","",IF(A36<8,"",_xlfn.LET(_xlpm.n,A36,_xlpm.k,G36,_xlpm.R,AP36,_xlpm.mu,1+2*_xlpm.k*(_xlpm.n-_xlpm.k)/_xlpm.n,_xlpm.v,2*_xlpm.k*(_xlpm.n-_xlpm.k)*(2*_xlpm.k*(_xlpm.n-_xlpm.k)-_xlpm.n)/(_xlpm.n^2*(_xlpm.n-1)),IF(_xlpm.v<=0,"",(_xlpm.R-_xlpm.mu)/SQRT(_xlpm.v))))) -> 0.650958 | CB36: {=IF(B36="","",IF(A36<8,"",_xlfn.LET(_xlpm.b,--MID(C36,_xlfn.SEQUENCE(A36-1),1),_xlpm.c,--MID(C36,_xlfn.SEQUENCE(A36-1,,2),1),IFERROR(CORREL(_xlpm.b,_xlpm.c),""))))} -> -0.14159847 | CC36: =IF(B36="","",LOG(A36,2)) -> 5.129283 | CD36: =IF(B36="","",MAX(AN36,AO36)-CC36) -> -1.129283 | CE36: {=IF(B36="","",IF(LEN(B36)<16,"",_xlfn.LET(_xlpm.d,MID("0123456789abcdef",_xlfn.SEQUENCE(16),1),_xlpm.c,LEN(B36)-LEN(SUBSTITUTE(B36,_xlpm.d,"")),_xlpm.ex,LEN(B36)/16,SUM((_xlpm.c-_xlpm.ex)^2/_xlpm.ex))))} | CF36: =IF(CE36="","",_xlfn.CHISQ.DIST.RT(CE36,15)) | CG36: {=IF(OR(B36="",B35=""),"",_xlfn.LET(_xlpm.a,C36,_xlpm.b,REPT("0",A36-LEN(C35))&C35,_xlpm.m,MID(_xlpm.a,_xlfn.SEQUENCE(A36),1)=MID(_xlpm.b,_xlfn.SEQUENCE(A36),1),IFERROR(MATCH(FALSE,_xlpm.m,0)-1,A36)))} -> 0 | CH36: {=IF(OR(B36="",B35=""),"",_xlfn.LET(_xlpm.a,C36,_xlpm.b,REPT("0",A36-LEN(C35))&C35,_xlpm.n,A36,_xlpm.m,MID(_xlpm.a,_xlfn.SEQUENCE(_xlpm.n,,_xlpm.n,-1),1)=MID(_xlpm.b,_xlfn.SEQUENCE(_xlpm.n,,_xlpm.n,-1),1),IFERROR(MATCH(FALSE,_xlpm.m,0)-1,_xlpm.n)))} -> 0 | CI36: =IF(OR(B36="",B35=""),"",F36-F35) -> -0.47458292 | CJ36: =IF(OR(B36="",B35=""),"",IFERROR(FIND(B35,B36)>0,FALSE)) -> FALSE | CK36: =IF(OR(B36="",B35=""),"",IFERROR(FIND(C35,C36)>0,FALSE)) -> FALSE | CL36: =IF(OR(B36="",B35=""),"",IFERROR(FIND(C35,C36),"")) | CM36: {=IF(OR(B36="",B35=""),"",_xlfn.LET(_xlpm.pv,D35,_xlpm.ra,BIGSUB(D36,_xlpm.pv),_xlpm.rb,BIGSUB(_xlpm.ra,_xlpm.pv),_xlpm.rc,BIGSUB(_xlpm.rb,_xlpm.pv),IF(LEFT(_xlpm.rb,1)="-",_xlpm.ra,IF(LEFT(_xlpm.rc,1)="-",_xlpm.rb,_xlpm.rc))))} -> 5979799635 | CN36: =IF(B36="","",F36-0.5) -> -0.32927678 | CO36: {=IF(B36="","",_xlfn.TEXTJOIN("",,MID(B36,_xlfn.SEQUENCE(LEN(B36),,LEN(B36),-1),1)))} -> 07112dea4 | CP36: {=IF(B36="","",BASE2DEC(CO36,16))} -> 1897062052 | CQ36: =IF(B36="","",IF(AND(LEN(B36)<16,LEN(B36)=LEN(SUBSTITUTE(SUBSTITUTE(SUBSTITUTE(SUBSTITUTE(SUBSTITUTE(SUBSTITUTE(B36,"a",""),"b",""),"c",""),"d",""),"e",""),"f",""))),--B36,"")) | CR36: {=IF(B36="","",IF(LEN(D36)<=15,BASE2DEC(D36,16),""))} -> 2203629066130 | CS36: {=IF(B36="","",_xlfn.LET(_xlpm.p,REPT("0",MOD(-LEN(B36),4))&B36,_xlfn.TEXTJOIN(" ",,MID(_xlpm.p,_xlfn.SEQUENCE(LEN(_xlpm.p)/4,,1,4),4))))} -> 0004 aed2 1170 | CT36: {=IF(B36="","",UPPER(_xlfn.LET(_xlpm.p,REPT("0",64-LEN(B36))&B36,_xlfn.TEXTJOIN(" ",,MID(_xlpm.p,_xlfn.SEQUENCE(8,,1,8),8)))))} -> 00000000 00000000 00000000 00000000 00000000 00000000 00000004 AED21170 | CU36: {=IF(B36="","",IF(LEN(D36)<=6,_xlfn.LET(_xlpm.n,VALUE(D36),_xlpm.ones,{"","one","two","three","four","five","six","seven","eight","nine","ten","eleven","twelve","thirteen","fourteen","fifteen","sixteen","seventeen","eighteen","nineteen"},_xlpm.tens,{"","","twenty","thirty","forty","fifty","sixty","seventy","eighty","ninety"},_xlpm.f,_xlfn.LAMBDA(_xlpm.x,TRIM(IF(_xlpm.x>=100,INDEX(_xlpm.ones,INT(_xlpm.x/100)+1)&" hundred ","")&IF(MOD(_xlpm.x,100)<20,INDEX(_xlpm.ones,MOD(_xlpm.x,100)+1),INDEX(_xlpm.tens,INT(MOD(_xlpm.x,100)/10)+1)&IF(MOD(_xlpm.x,10)>0,"-"&INDEX(_xlpm.ones,MOD(_xlpm.x,10)+1),"")))),TRIM(IF(_xlpm.n>=1000,_xlpm.f(INT(_xlpm.n/1000))&" thousand ","")&IF(MOD(_xlpm.n,1000)>0,_xlpm.f(MOD(_xlpm.n,1000)),""))),""))} | CV36: no | CW36: 2 | CX36: 3 | CY36: 2 × 13 × 96696499 | CZ36: no | DA36: no | DB36: 34 | DC36: 2933002608 above 2^34 | DD36: 20365011074 | DE36: 252139282 | DF36: 20112858766 | DG36: 13026 | DH36: even | DI36: cMahea7zqjxrtgAbB7LSGbcQUr1uX1ojuat9jZotcQooiM3scGnZ | DJ36: n42AF8knjpfqaJHYtVDTa4E5tXBb24sEHJ | DK36: tb1q7mvvugjll00vastslq5cc07z3tngdhe9yqk5jc | DL36: bc1pxgzdy78ua29wxzrcr549jmq7ynl68cyn2fw92c7j9ukn9sctrnksxj54vv | DM36: 3204d278fcea8ae308781d2a596c1e24ffa3e093525c5563d22f2d32c30b1ced | DN36: T33ydQRKp4FCW5LCLLUB7deioUMoveiwekdwUwyvgGKxyVWa5BcV | DO36: LhjADHye1TUe3zW6M4EP2A5XEjxADq9iAF | DP36: ltc1q7mvvugjll00vastslq5cc07z3tngdhe926hr3m | DQ36: QNcdLVw8fHkixm6NNyN6nVwxKek4u7qrioRbQmkDqem9uXstt76m | DR36: DTeJVLcTED8sLBzXuWEeHuBMufKBRw1JDr | DS36: AvaoFIpiMg4UnLFcVE/oolq0g6AJXSKA0DuKAKf+raE9 | DT36: {=IF(B36="","",_xlfn.TEXTJOIN("",,HEX2BIN(MID(BQ36,_xlfn.SEQUENCE(40),1),4)))} -> 1001010110101011110111101101110011011011010111111001100101111111010111111011101010110111101000111110011001100111111001101101100111111001011100110101010000111000
A37: 36 | B37: 9de820a7c | C37: 100111011110100000100000101001111100 | D37: 42387769980 | E37: 8028031612 | F37: 0.23364647 | G37: 17 | H37: 2 | I37: 110101110000010100000001101100001100 | J37: 14 | K37: 213132200200221330 | L37: 473640405174 | M37: 17f842js | N37: 001111100101000001000001011110111001 | O37: 16727152569 | P37: 110100110001110000110000111101000010 | Q37: 111000100001011111011111010110000011 | R37: 26331706755 | S37: 7c0a82de09000000000000000000000000000000000000000000000000000000 | T37: 2.1074947 | U37: 0.47222222 | V37: KwDiBf89QgGbjEhKnhXJuH7LrciVrZi3qYjgd9Mg1Upu7eJAtiDr | W37: 5HpHagT65TZzG1PH3CSu63k8DbpvD8s5ip4nEB3sXU9b1haJkT8 | X37: AAAAAAAAAAAAAAAAAAAAAAAAAAAAAAAAAAAACd6CCnw= | Y37: 0111010010110001111000000001001010111110000101010010000111100101110110001101011101011110011101000101101000100110110011101101100001000101111010100011110100110111 | Z37: 18 | AA37: 19 | AB37: 81 | AC37: 0 | AD37: 0.33333333 | AE37: 11 | AF37: 63 | AG37: 9 | AH37: 08996778324 | AI37: 35.302929 | AJ37: 32.902399 | AK37: 001110111101000001000001010011111001 | AL37: 010011101111010000010000010100111110 | AM37: 011000100001011111011111010110000011 | AN37: 5 | AO37: 5 | AP37: 16 | AQ37: 1x1,0x2,1x3,0x1,1x4,0x1,1x1,0x5,1x1,0x5,1x1,0x1,1x1,0x2,1x5,0x2 | AR37: 9 | AS37: 0 | AT37: 0:1 2:1 7:1 8:1 9:1 a:1 c:1 d:1 e:1 | AU37: 0 | AV37: 0 | AW37: 3 | AX37: 6 | AY37: 124 | AZ37: 2684 | BA37: 22274898188 | BB37: 2162026396 | BC37: 42387769981 | BD37: 42387769979 | BE37: 0x00 00 00 00 00 00 00 00 00 00 00 00 00 00 00 00 00 00 00 00 00 00 00 00 00 00 00 09 de 82 0a 7c | BF37: 0,0,0,0,0,0,0,0,0,0,0,0,0,0,0,0,0,0,0,0,0,0,0,0,0,0,0,9,222,130,10,124 | BG37: ...............................| | BH37: 222.130.10.124 | BJ37: jh0l0n0 | BK37: AAAAAAAAAAAAAAAAAAAAAAAAAAAAAAAAAAAAAAAAAAAATXUCBJ6A==== | BL37: AAAAAAAAAAAAAAAAAAAAAAAAAAAAAAAAAAAACd6CCnw | BM37: fffffffffffffffffffffffffffffffebaaedce6af48a03bbfd25e82f1b436c5 | BN37: b3e772216695845fa9dda419fb5daca28154d8aa59ea302f05e916635e47b9f6 | BO37: 6e1ad5a30b9c99a0ce54247314bd60f6a8c4af66c2672b1a9d7bfebbd8f9340c | BP37: 04b3e772216695845fa9dda419fb5daca28154d8aa59ea302f05e916635e47b9f66e1ad5a30b9c99a0ce54247314bd60f6a8c4af66c2672b1a9d7bfebbd8f9340c | BQ37: 1b05e248b50da1edcf74f919d7af635bd3362acc | BR37: 13TtJ15zW6WhtX8bs4bBM8qviZ5oAjZeSN | BS37: 3JT7VFdEkusrgRs9CABzWZwyR43RS6z5SA | BT37: bc1qwjc7qy47z5s7tkxhte695fkwmpz750fhk95z2t | BU37: 3.6606793e-67 | BV37: 1011001111100111011100100010000101100110100101011000010001011111101010011101110110100100000110011111101101011101101011001010001010000001010101001101100010101010010110011110101000110000001011110000010111101001000101100110001101011110010001111011100111110110 | BW37: 15 | BX37: 16 | BY37: -1 | BZ37: -0.66666667 | CA37: =IF(B37="","",IF(A37<8,"",_xlfn.LET(_xlpm.n,A37,_xlpm.k,G37,_xlpm.R,AP37,_xlpm.mu,1+2*_xlpm.k*(_xlpm.n-_xlpm.k)/_xlpm.n,_xlpm.v,2*_xlpm.k*(_xlpm.n-_xlpm.k)*(2*_xlpm.k*(_xlpm.n-_xlpm.k)-_xlpm.n)/(_xlpm.n^2*(_xlpm.n-1)),IF(_xlpm.v<=0,"",(_xlpm.R-_xlpm.mu)/SQRT(_xlpm.v))))) -> -0.99898441 | CB37: {=IF(B37="","",IF(A37<8,"",_xlfn.LET(_xlpm.b,--MID(C37,_xlfn.SEQUENCE(A37-1),1),_xlpm.c,--MID(C37,_xlfn.SEQUENCE(A37-1,,2),1),IFERROR(CORREL(_xlpm.b,_xlpm.c),""))))} -> 0.14098436 | CC37: =IF(B37="","",LOG(A37,2)) -> 5.169925 | CD37: =IF(B37="","",MAX(AN37,AO37)-CC37) -> -0.169925 | CE37: {=IF(B37="","",IF(LEN(B37)<16,"",_xlfn.LET(_xlpm.d,MID("0123456789abcdef",_xlfn.SEQUENCE(16),1),_xlpm.c,LEN(B37)-LEN(SUBSTITUTE(B37,_xlpm.d,"")),_xlpm.ex,LEN(B37)/16,SUM((_xlpm.c-_xlpm.ex)^2/_xlpm.ex))))} | CF37: =IF(CE37="","",_xlfn.CHISQ.DIST.RT(CE37,15)) | CG37: {=IF(OR(B37="",B36=""),"",_xlfn.LET(_xlpm.a,C37,_xlpm.b,REPT("0",A37-LEN(C36))&C36,_xlpm.m,MID(_xlpm.a,_xlfn.SEQUENCE(A37),1)=MID(_xlpm.b,_xlfn.SEQUENCE(A37),1),IFERROR(MATCH(FALSE,_xlpm.m,0)-1,A37)))} -> 0 | CH37: {=IF(OR(B37="",B36=""),"",_xlfn.LET(_xlpm.a,C37,_xlpm.b,REPT("0",A37-LEN(C36))&C36,_xlpm.n,A37,_xlpm.m,MID(_xlpm.a,_xlfn.SEQUENCE(_xlpm.n,,_xlpm.n,-1),1)=MID(_xlpm.b,_xlfn.SEQUENCE(_xlpm.n,,_xlpm.n,-1),1),IFERROR(MATCH(FALSE,_xlpm.m,0)-1,_xlpm.n)))} -> 2 | CI37: =IF(OR(B37="",B36=""),"",F37-F36) -> 0.06292325 | CJ37: =IF(OR(B37="",B36=""),"",IFERROR(FIND(B36,B37)>0,FALSE)) -> FALSE | CK37: =IF(OR(B37="",B36=""),"",IFERROR(FIND(C36,C37)>0,FALSE)) -> FALSE | CL37: =IF(OR(B37="",B36=""),"",IFERROR(FIND(C36,C37),"")) | CM37: {=IF(OR(B37="",B36=""),"",_xlfn.LET(_xlpm.pv,D36,_xlpm.ra,BIGSUB(D37,_xlpm.pv),_xlpm.rb,BIGSUB(_xlpm.ra,_xlpm.pv),_xlpm.rc,BIGSUB(_xlpm.rb,_xlpm.pv),IF(LEFT(_xlpm.rb,1)="-",_xlpm.ra,IF(LEFT(_xlpm.rc,1)="-",_xlpm.rb,_xlpm.rc))))} -> 2162026396 | CN37: =IF(B37="","",F37-0.5) -> -0.26635353 | CO37: {=IF(B37="","",_xlfn.TEXTJOIN("",,MID(B37,_xlfn.SEQUENCE(LEN(B37),,LEN(B37),-1),1)))} -> c7a028ed9 | CP37: {=IF(B37="","",BASE2DEC(CO37,16))} -> 53586595545 | CQ37: =IF(B37="","",IF(AND(LEN(B37)<16,LEN(B37)=LEN(SUBSTITUTE(SUBSTITUTE(SUBSTITUTE(SUBSTITUTE(SUBSTITUTE(SUBSTITUTE(B37,"a",""),"b",""),"c",""),"d",""),"e",""),"f",""))),--B37,"")) | CR37: {=IF(B37="","",IF(LEN(D37)<=15,BASE2DEC(D37,16),""))} -> 4550643063168 | CS37: {=IF(B37="","",_xlfn.LET(_xlpm.p,REPT("0",MOD(-LEN(B37),4))&B37,_xlfn.TEXTJOIN(" ",,MID(_xlpm.p,_xlfn.SEQUENCE(LEN(_xlpm.p)/4,,1,4),4))))} -> 0009 de82 0a7c | CT37: {=IF(B37="","",UPPER(_xlfn.LET(_xlpm.p,REPT("0",64-LEN(B37))&B37,_xlfn.TEXTJOIN(" ",,MID(_xlpm.p,_xlfn.SEQUENCE(8,,1,8),8)))))} -> 00000000 00000000 00000000 00000000 00000000 00000000 00000009 DE820A7C | CU37: {=IF(B37="","",IF(LEN(D37)<=6,_xlfn.LET(_xlpm.n,VALUE(D37),_xlpm.ones,{"","one","two","three","four","five","six","seven","eight","nine","ten","eleven","twelve","thirteen","fourteen","fifteen","sixteen","seventeen","eighteen","nineteen"},_xlpm.tens,{"","","twenty","thirty","forty","fifty","sixty","seventy","eighty","ninety"},_xlpm.f,_xlfn.LAMBDA(_xlpm.x,TRIM(IF(_xlpm.x>=100,INDEX(_xlpm.ones,INT(_xlpm.x/100)+1)&" hundred ","")&IF(MOD(_xlpm.x,100)<20,INDEX(_xlpm.ones,MOD(_xlpm.x,100)+1),INDEX(_xlpm.tens,INT(MOD(_xlpm.x,100)/10)+1)&IF(MOD(_xlpm.x,10)>0,"-"&INDEX(_xlpm.ones,MOD(_xlpm.x,10)+1),"")))),TRIM(IF(_xlpm.n>=1000,_xlpm.f(INT(_xlpm.n/1000))&" thousand ","")&IF(MOD(_xlpm.n,1000)>0,_xlpm.f(MOD(_xlpm.n,1000)),""))),""))} | CV37: no | CW37: 2 | CX37: 4 | CY37: 2 × 3 × 5 × 235487611 | CZ37: no | DA37: no | DB37: 35 | DC37: 8028031612 above 2^35 | DD37: 32951280099 | DE37: 9436489881 | DF37: 42387800703 | DG37: 30723 | DH37: even | DI37: cMahea7zqjxrtgAbB7LSGbcQUr1uX1ojuat9jZpBWbUuNPSz7ANq | DJ37: mr9ymJEM9hQb2iNNm2Aybq1wU8xiBoN9Gy | DK37: tb1qwjc7qy47z5s7tkxhte695fkwmpz750fhur033c | DL37: bc1pu2a6m7ly43vag2xh4eu4tetz2532ytkxzaawspacrad2qhe9xzgstaaw4s | DM37: e2bbadfbe4ac59d428d7ae7955e5625522a22ec6177ae807b81f5aa05f253091 | DN37: T33ydQRKp4FCW5LCLLUB7deioUMoveiwekdwUwzDaT14dXspXqeU | DO37: LVryjTTCRLDPWQavDbBu3vsNpMjHNCiHTx | DP37: ltc1qwjc7qy47z5s7tkxhte695fkwmpz750fhjewxjm | DQ37: QNcdLVw8fHkixm6NNyN6nVwxKek4u7qrioRbQmkWjqSFZaHByMrm | DR37: DFn81W61e5scnc5Mn3CAKfyDVH6JakyM5M | DS37: ArPnciFmlYRfqd2kGftdrKKBVNiqWeowLwXpFmNeR7n2 | DT37: {=IF(B37="","",_xlfn.TEXTJOIN("",,HEX2BIN(MID(BQ37,_xlfn.SEQUENCE(40),1),4)))} -> 0001101100000101111000100100100010110101000011011010000111101101110011110111010011111001000110011101011110101111011000110101101111010011001101100010101011001100
A38: 37 | B38: 1757756a93 | C38: 1011101010111011101010110101010010011 | D38: 100251560595 | E38: 31532083859 | F38: 0.45885221 | G38: 22 | H38: 0 | I38: 1111010001001111101110110000011101111 | J38: 23 | K38: 1131113131112222103 | L38: 1352735265223 | M38: 2tbnaqkj | N38: 1100100101010110101011101110101011101 | O38: 108092841309 | P38: 1110011111100110011111101111111011010 | Q38: 1100010101000100010101001010101101100 | R38: 37187392876 | S38: 936a755717000000000000000000000000000000000000000000000000000000 | T38: 2.3651058 | U38: 0.59459459 | V38: KwDiBf89QgGbjEhKnhXJuH7LrciVrZi3qYjgd9NRuiZFAX6XciCX | W38: 5HpHagT65TZzG1PH3CSu63k8DbpvD8s5ip4nEB43UMHpcm3f8ag | X38: AAAAAAAAAAAAAAAAAAAAAAAAAAAAAAAAAAAAF1d1apM= | Y38: 0010100011000011000011111011100100010001100011101101000111011010011100101110011111000100111110001001110000000001011001000111010101101110100010100000001000011101 | Z38: 20 | AA38: 18 | AB38: 78 | AC38: 0.49319696 | AD38: -0.16439899 | AE38: 12 | AF38: 39 | AG38: 3 | AH38: 595065152001 | AI38: 36.544834 | AJ38: 34.876101 | AK38: 0111010101110111010101101010100100111 | AL38: 1101110101011101110101011010101001001 | AM38: 0100010101000100010101001010101101100 | AN38: 2 | AO38: 3 | AP38: 27 | AQ38: 1x1,0x1,1x3,0x1,1x1,0x1,1x1,0x1,1x3,0x1,1x3,0x1,1x1,0x1,1x1,0x1,1x2,0x1,1x1,0x1,1x1,0x1,1x1,0x2,1x1,0x2,1x2 | AR38: 7 | AS38: 7 | AT38: 1:1 3:1 5:2 6:1 7:3 9:1 a:1 | AU38: 0 | AV38: 0 | AW38: 4 | AX38: 10 | AY38: 147 | AZ38: 27283 | BA38: 57863790615 | BB38: 15476020635 | BC38: 100251560596 | BD38: 100251560594 | BE38: 0x00 00 00 00 00 00 00 00 00 00 00 00 00 00 00 00 00 00 00 00 00 00 00 00 00 00 00 17 57 75 6a 93 | BF38: 0,0,0,0,0,0,0,0,0,0,0,0,0,0,0,0,0,0,0,0,0,0,0,0,0,0,0,23,87,117,106,147 | BG38: ............................Wuj. | BH38: 87.117.106.147 | BJ38: 1a1z6v83 | BK38: AAAAAAAAAAAAAAAAAAAAAAAAAAAAAAAAAAAAAAAAAAABOV3VNKJQ==== | BL38: AAAAAAAAAAAAAAAAAAAAAAAAAAAAAAAAAAAAF1d1apM | BM38: fffffffffffffffffffffffffffffffebaaedce6af48a03bbfd25e7578c0d6ae | BN38: 7d2c03c3ef0aec70f2c7e1e75454a5dfdd0e1adea670c1b3a4643c48ad0f1255 | BO38: 6144da0f5d8070b5cbfc25541705394c22b83d0c90f3f6fb1fe5b20dac02a940 | BP38: 047d2c03c3ef0aec70f2c7e1e75454a5dfdd0e1adea670c1b3a4643c48ad0f12556144da0f5d8070b5cbfc25541705394c22b83d0c90f3f6fb1fe5b20dac02a940 | BQ38: d41626cb6e05db4e50525754a4e9fc6b30547e79 | BR38: 1LLQnnUrNqubML25mRaDsZ7cw17SdzJHGm | BS38: 3LkN6z1NGhmHLqWYGTjJQY2XH3CAAXBnha | BT38: bc1q9rpslwg33mga5uh8cnufcqtyw4hg5qsaqfvepk | BU38: 8.6578938e-67 | BV38: 0111110100101100000000111100001111101111000010101110110001110000111100101100011111100001111001110101010001010100101001011101111111011101000011100001101011011110101001100111000011000001101100111010010001100100001111000100100010101101000011110001001001010101 | BW38: 24 | BX38: 21 | BY38: 1.8083889 | BZ38: 0.82199494 | CA38: =IF(B38="","",IF(A38<8,"",_xlfn.LET(_xlpm.n,A38,_xlpm.k,G38,_xlpm.R,AP38,_xlpm.mu,1+2*_xlpm.k*(_xlpm.n-_xlpm.k)/_xlpm.n,_xlpm.v,2*_xlpm.k*(_xlpm.n-_xlpm.k)*(2*_xlpm.k*(_xlpm.n-_xlpm.k)-_xlpm.n)/(_xlpm.n^2*(_xlpm.n-1)),IF(_xlpm.v<=0,"",(_xlpm.R-_xlpm.mu)/SQRT(_xlpm.v))))) -> 2.8258051 | CB38: {=IF(B38="","",IF(A38<8,"",_xlfn.LET(_xlpm.b,--MID(C38,_xlfn.SEQUENCE(A38-1),1),_xlpm.c,--MID(C38,_xlfn.SEQUENCE(A38-1,,2),1),IFERROR(CORREL(_xlpm.b,_xlpm.c),""))))} -> -0.48571429 | CC38: =IF(B38="","",LOG(A38,2)) -> 5.2094534 | CD38: =IF(B38="","",MAX(AN38,AO38)-CC38) -> -2.2094534 | CE38: {=IF(B38="","",IF(LEN(B38)<16,"",_xlfn.LET(_xlpm.d,MID("0123456789abcdef",_xlfn.SEQUENCE(16),1),_xlpm.c,LEN(B38)-LEN(SUBSTITUTE(B38,_xlpm.d,"")),_xlpm.ex,LEN(B38)/16,SUM((_xlpm.c-_xlpm.ex)^2/_xlpm.ex))))} | CF38: =IF(CE38="","",_xlfn.CHISQ.DIST.RT(CE38,15)) | CG38: {=IF(OR(B38="",B37=""),"",_xlfn.LET(_xlpm.a,C38,_xlpm.b,REPT("0",A38-LEN(C37))&C37,_xlpm.m,MID(_xlpm.a,_xlfn.SEQUENCE(A38),1)=MID(_xlpm.b,_xlfn.SEQUENCE(A38),1),IFERROR(MATCH(FALSE,_xlpm.m,0)-1,A38)))} -> 0 | CH38: {=IF(OR(B38="",B37=""),"",_xlfn.LET(_xlpm.a,C38,_xlpm.b,REPT("0",A38-LEN(C37))&C37,_xlpm.n,A38,_xlpm.m,MID(_xlpm.a,_xlfn.SEQUENCE(_xlpm.n,,_xlpm.n,-1),1)=MID(_xlpm.b,_xlfn.SEQUENCE(_xlpm.n,,_xlpm.n,-1),1),IFERROR(MATCH(FALSE,_xlpm.m,0)-1,_xlpm.n)))} -> 0 | CI38: =IF(OR(B38="",B37=""),"",F38-F37) -> 0.22520574 | CJ38: =IF(OR(B38="",B37=""),"",IFERROR(FIND(B37,B38)>0,FALSE)) -> FALSE | CK38: =IF(OR(B38="",B37=""),"",IFERROR(FIND(C37,C38)>0,FALSE)) -> FALSE | CL38: =IF(OR(B38="",B37=""),"",IFERROR(FIND(C37,C38),"")) | CM38: {=IF(OR(B38="",B37=""),"",_xlfn.LET(_xlpm.pv,D37,_xlpm.ra,BIGSUB(D38,_xlpm.pv),_xlpm.rb,BIGSUB(_xlpm.ra,_xlpm.pv),_xlpm.rc,BIGSUB(_xlpm.rb,_xlpm.pv),IF(LEFT(_xlpm.rb,1)="-",_xlpm.ra,IF(LEFT(_xlpm.rc,1)="-",_xlpm.rb,_xlpm.rc))))} -> 15476020635 | CN38: =IF(B38="","",F38-0.5) -> -0.041147789 | CO38: {=IF(B38="","",_xlfn.TEXTJOIN("",,MID(B38,_xlfn.SEQUENCE(LEN(B38),,LEN(B38),-1),1)))} -> 39a6577571 | CP38: {=IF(B38="","",BASE2DEC(CO38,16))} -> 247603885425 | CQ38: =IF(B38="","",IF(AND(LEN(B38)<16,LEN(B38)=LEN(SUBSTITUTE(SUBSTITUTE(SUBSTITUTE(SUBSTITUTE(SUBSTITUTE(SUBSTITUTE(B38,"a",""),"b",""),"c",""),"d",""),"e",""),"f",""))),--B38,"")) | CR38: {=IF(B38="","",IF(LEN(D38)<=15,BASE2DEC(D38,16),""))} -> 17602140571029 | CS38: {=IF(B38="","",_xlfn.LET(_xlpm.p,REPT("0",MOD(-LEN(B38),4))&B38,_xlfn.TEXTJOIN(" ",,MID(_xlpm.p,_xlfn.SEQUENCE(LEN(_xlpm.p)/4,,1,4),4))))} -> 0017 5775 6a93 | CT38: {=IF(B38="","",UPPER(_xlfn.LET(_xlpm.p,REPT("0",64-LEN(B38))&B38,_xlfn.TEXTJOIN(" ",,MID(_xlpm.p,_xlfn.SEQUENCE(8,,1,8),8)))))} -> 00000000 00000000 00000000 00000000 00000000 00000000 00000017 57756A93 | CU38: {=IF(B38="","",IF(LEN(D38)<=6,_xlfn.LET(_xlpm.n,VALUE(D38),_xlpm.ones,{"","one","two","three","four","five","six","seven","eight","nine","ten","eleven","twelve","thirteen","fourteen","fifteen","sixteen","seventeen","eighteen","nineteen"},_xlpm.tens,{"","","twenty","thirty","forty","fifty","sixty","seventy","eighty","ninety"},_xlpm.f,_xlfn.LAMBDA(_xlpm.x,TRIM(IF(_xlpm.x>=100,INDEX(_xlpm.ones,INT(_xlpm.x/100)+1)&" hundred ","")&IF(MOD(_xlpm.x,100)<20,INDEX(_xlpm.ones,MOD(_xlpm.x,100)+1),INDEX(_xlpm.tens,INT(MOD(_xlpm.x,100)/10)+1)&IF(MOD(_xlpm.x,10)>0,"-"&INDEX(_xlpm.ones,MOD(_xlpm.x,10)+1),"")))),TRIM(IF(_xlpm.n>=1000,_xlpm.f(INT(_xlpm.n/1000))&" thousand ","")&IF(MOD(_xlpm.n,1000)>0,_xlpm.f(MOD(_xlpm.n,1000)),""))),""))} | CV38: no | CW38: 3 | CX38: 3 | CY38: 3 × 5 × 6683437373 | CZ38: no | DA38: no | DB38: 36 | DC38: 31532083859 above 2^36 | DD38: 86267571272 | DE38: 13983989323 | DF38: 100251449200 | DG38: 111395 | DH38: odd | DI38: cMahea7zqjxrtgAbB7LSGbcQUr1uX1ojuat9jZpwQqDFRGAAQSxU | DJ38: mjEUzqDa5cAkHmAAzryWkDYcZnVKhvNdue | DK38: tb1q9rpslwg33mga5uh8cnufcqtyw4hg5qsa20h269 | DL38: bc1pr34sr3mhssswwp7lxez5uasrkwdf93yg4wn4zwpul7hfe45d5ftsw8a8vm | DM38: 1c6b01c7778420e707df36454e7603b39a92c488aba751383cffae9cd68da257 | DN38: T33ydQRKp4FCW5LCLLUB7deioUMoveiwekdwUwzyUgjQgQfD332F | DO38: LNwUxzSRMEyYmTNiTRzSCKQ3v1FtwpKehE | DP38: ltc1q9rpslwg33mga5uh8cnufcqtyw4hg5qsay4kaex | DQ38: QNcdLVw8fHkixm6NNyN6nVwxKek4u7qrioRbQmmGe5AbcT7HWwN3 | DR38: D8rdF35EZzdn3esA1szhU4VtavcvAefh7Z | DS38: An0sA8PvCuxw8sfh51RUpd/dDhrepnDBs6RkPEitDxJV | DT38: {=IF(B38="","",_xlfn.TEXTJOIN("",,HEX2BIN(MID(BQ38,_xlfn.SEQUENCE(40),1),4)))} -> 1101010000010110001001101100101101101110000001011101101101001110010100000101001001010111010101001010010011101001111111000110101100110000010101000111111001111001
A39: 38 | B39: 22382facd0 | C39: 10001000111000001011111010110011010000 | D39: 146971536592 | E39: 9532583120 | F39: 0.069358671 | G39: 17 | H39: 4 | I39: 11010101101111010110101100011001000011 | J39: 21 | K39: 2020320023322303100 | L39: 2107013726320 | M39: 48s2vb6g | N39: 00001011001101011111010000011100010001 | O39: 12037457681 | P39: 11001100100100001110000111101010111000 | Q39: 11110111000111110100000101001100101111 | R39: 127906370351 | S39: d0ac2f3822000000000000000000000000000000000000000000000000000000 | T39: 1.4660274 | U39: 0.44736842 | V39: KwDiBf89QgGbjEhKnhXJuH7LrciVrZi3qYjgd9P3MahktLW5315v | W39: 5HpHagT65TZzG1PH3CSu63k8DbpvD8s5ip4nEB4BW8dsj4c9a6g | X39: AAAAAAAAAAAAAAAAAAAAAAAAAAAAAAAAAAAAIjgvrNA= | Y39: 1011000110010000111000101101010000001100111111011110111011100010110011101110000001110010100101010100101000101011111010001001111001111011101000111001001101100100 | Z39: 20 | AA39: 19 | AB39: 81 | AC39: 0.32444284 | AD39: 0 | AE39: 12 | AF39: 58 | AG39: 4 | AH39: 295635179641 | AI39: 37.096746 | AJ39: 33.15022 | AK39: 00010001110000010111110101100110100001 | AL39: 01000100011100000101111101011001101000 | AM39: 01110111000111110100000101001100101111 | AN39: 5 | AO39: 5 | AP39: 18 | AQ39: 1x1,0x3,1x1,0x3,1x3,0x5,1x1,0x1,1x5,0x1,1x1,0x1,1x2,0x2,1x2,0x1,1x1,0x4 | AR39: 8 | AS39: 2 | AT39: 0:1 2:3 3:1 8:1 a:1 c:1 d:1 f:1 | AU39: 1 | AV39: 2 | AW39: 6 | AX39: 1 | AY39: 208 | AZ39: 44240 | BA39: 46719975997 | BB39: -53531584598 | BC39: 146971536593 | BD39: 146971536591 | BE39: 0x00 00 00 00 00 00 00 00 00 00 00 00 00 00 00 00 00 00 00 00 00 00 00 00 00 00 00 22 38 2f ac d0 | BF39: 0,0,0,0,0,0,0,0,0,0,0,0,0,0,0,0,0,0,0,0,0,0,0,0,0,0,0,34,56,47,172,208 | BG39: ..........................."8/.. | BH39: 56.47.172.208 | BJ39: 1vin23f4 | BK39: AAAAAAAAAAAAAAAAAAAAAAAAAAAAAAAAAAAAAAAAAAACEOBPVTIA==== | BL39: AAAAAAAAAAAAAAAAAAAAAAAAAAAAAAAAAAAAIjgvrNA | BM39: fffffffffffffffffffffffffffffffebaaedce6af48a03bbfd25e6a98069471 | BN39: c060e1e3771cbeccb38e119c2414702f3f5181a89652538851d2e3886bdd70c6 | BO39: 37bbfdac1b7ca715972daa71db7e26d673a9793c6b499406676154c12d566d3f | BP39: 04c060e1e3771cbeccb38e119c2414702f3f5181a89652538851d2e3886bdd70c637bbfdac1b7ca715972daa71db7e26d673a9793c6b499406676154c12d566d3f | BQ39: da4fe191f592a9e8cb4bb1e0b96d520891e8a1fb | BR39: 1LuL14LNek7MRAe3diEYqFFnWvj36KY9RW | BS39: 3MeqMbcAdiPbUnG3NGWY6pEvy4iHTjgZNC | BT39: bc1qkxgw94qvlhhw9nhqw22552lgnea68ymy6ul6wa | BU39: 1.269271e-66 | BV39: 1100000001100000111000011110001101110111000111001011111011001100101100111000111000010001100111000010010000010100011100000010111100111111010100011000000110101000100101100101001001010011100010000101000111010010111000111000100001101011110111010111000011000110 | BW39: 20 | BX39: 14 | BY39: 0.32444284 | BZ39: -1.6222142 | CA39: =IF(B39="","",IF(A39<8,"",_xlfn.LET(_xlpm.n,A39,_xlpm.k,G39,_xlpm.R,AP39,_xlpm.mu,1+2*_xlpm.k*(_xlpm.n-_xlpm.k)/_xlpm.n,_xlpm.v,2*_xlpm.k*(_xlpm.n-_xlpm.k)*(2*_xlpm.k*(_xlpm.n-_xlpm.k)-_xlpm.n)/(_xlpm.n^2*(_xlpm.n-1)),IF(_xlpm.v<=0,"",(_xlpm.R-_xlpm.mu)/SQRT(_xlpm.v))))) -> -0.59537051 | CB39: {=IF(B39="","",IF(A39<8,"",_xlfn.LET(_xlpm.b,--MID(C39,_xlfn.SEQUENCE(A39-1),1),_xlpm.c,--MID(C39,_xlfn.SEQUENCE(A39-1,,2),1),IFERROR(CORREL(_xlpm.b,_xlpm.c),""))))} -> 0.07100716 | CC39: =IF(B39="","",LOG(A39,2)) -> 5.2479275 | CD39: =IF(B39="","",MAX(AN39,AO39)-CC39) -> -0.24792751 | CE39: {=IF(B39="","",IF(LEN(B39)<16,"",_xlfn.LET(_xlpm.d,MID("0123456789abcdef",_xlfn.SEQUENCE(16),1),_xlpm.c,LEN(B39)-LEN(SUBSTITUTE(B39,_xlpm.d,"")),_xlpm.ex,LEN(B39)/16,SUM((_xlpm.c-_xlpm.ex)^2/_xlpm.ex))))} | CF39: =IF(CE39="","",_xlfn.CHISQ.DIST.RT(CE39,15)) | CG39: {=IF(OR(B39="",B38=""),"",_xlfn.LET(_xlpm.a,C39,_xlpm.b,REPT("0",A39-LEN(C38))&C38,_xlpm.m,MID(_xlpm.a,_xlfn.SEQUENCE(A39),1)=MID(_xlpm.b,_xlfn.SEQUENCE(A39),1),IFERROR(MATCH(FALSE,_xlpm.m,0)-1,A39)))} -> 0 | CH39: {=IF(OR(B39="",B38=""),"",_xlfn.LET(_xlpm.a,C39,_xlpm.b,REPT("0",A39-LEN(C38))&C38,_xlpm.n,A39,_xlpm.m,MID(_xlpm.a,_xlfn.SEQUENCE(_xlpm.n,,_xlpm.n,-1),1)=MID(_xlpm.b,_xlfn.SEQUENCE(_xlpm.n,,_xlpm.n,-1),1),IFERROR(MATCH(FALSE,_xlpm.m,0)-1,_xlpm.n)))} -> 0 | CI39: =IF(OR(B39="",B38=""),"",F39-F38) -> -0.38949354 | CJ39: =IF(OR(B39="",B38=""),"",IFERROR(FIND(B38,B39)>0,FALSE)) -> FALSE | CK39: =IF(OR(B39="",B38=""),"",IFERROR(FIND(C38,C39)>0,FALSE)) -> FALSE | CL39: =IF(OR(B39="",B38=""),"",IFERROR(FIND(C38,C39),"")) | CM39: {=IF(OR(B39="",B38=""),"",_xlfn.LET(_xlpm.pv,D38,_xlpm.ra,BIGSUB(D39,_xlpm.pv),_xlpm.rb,BIGSUB(_xlpm.ra,_xlpm.pv),_xlpm.rc,BIGSUB(_xlpm.rb,_xlpm.pv),IF(LEFT(_xlpm.rb,1)="-",_xlpm.ra,IF(LEFT(_xlpm.rc,1)="-",_xlpm.rb,_xlpm.rc))))} -> 46719975997 | CN39: =IF(B39="","",F39-0.5) -> -0.43064133 | CO39: {=IF(B39="","",_xlfn.TEXTJOIN("",,MID(B39,_xlfn.SEQUENCE(LEN(B39),,LEN(B39),-1),1)))} -> 0dcaf28322 | CP39: {=IF(B39="","",BASE2DEC(CO39,16))} -> 59239465762 | CQ39: =IF(B39="","",IF(AND(LEN(B39)<16,LEN(B39)=LEN(SUBSTITUTE(SUBSTITUTE(SUBSTITUTE(SUBSTITUTE(SUBSTITUTE(SUBSTITUTE(B39,"a",""),"b",""),"c",""),"d",""),"e",""),"f",""))),--B39,"")) | CR39: {=IF(B39="","",IF(LEN(D39)<=15,BASE2DEC(D39,16),""))} -> 22443105412498 | CS39: {=IF(B39="","",_xlfn.LET(_xlpm.p,REPT("0",MOD(-LEN(B39),4))&B39,_xlfn.TEXTJOIN(" ",,MID(_xlpm.p,_xlfn.SEQUENCE(LEN(_xlpm.p)/4,,1,4),4))))} -> 0022 382f acd0 | CT39: {=IF(B39="","",UPPER(_xlfn.LET(_xlpm.p,REPT("0",64-LEN(B39))&B39,_xlfn.TEXTJOIN(" ",,MID(_xlpm.p,_xlfn.SEQUENCE(8,,1,8),8)))))} -> 00000000 00000000 00000000 00000000 00000000 00000000 00000022 382FACD0 | CU39: {=IF(B39="","",IF(LEN(D39)<=6,_xlfn.LET(_xlpm.n,VALUE(D39),_xlpm.ones,{"","one","two","three","four","five","six","seven","eight","nine","ten","eleven","twelve","thirteen","fourteen","fifteen","sixteen","seventeen","eighteen","nineteen"},_xlpm.tens,{"","","twenty","thirty","forty","fifty","sixty","seventy","eighty","ninety"},_xlpm.f,_xlfn.LAMBDA(_xlpm.x,TRIM(IF(_xlpm.x>=100,INDEX(_xlpm.ones,INT(_xlpm.x/100)+1)&" hundred ","")&IF(MOD(_xlpm.x,100)<20,INDEX(_xlpm.ones,MOD(_xlpm.x,100)+1),INDEX(_xlpm.tens,INT(MOD(_xlpm.x,100)/10)+1)&IF(MOD(_xlpm.x,10)>0,"-"&INDEX(_xlpm.ones,MOD(_xlpm.x,10)+1),"")))),TRIM(IF(_xlpm.n>=1000,_xlpm.f(INT(_xlpm.n/1000))&" thousand ","")&IF(MOD(_xlpm.n,1000)>0,_xlpm.f(MOD(_xlpm.n,1000)),""))),""))} | CV39: no | CW39: 2 | CX39: 3 | CY39: 2 × 60037 × 153001 | CZ39: no | DA39: no | DB39: 37 | DC39: 9532583120 above 2^37 | DD39: 139583862445 | DE39: 7387674147 | DF39: 146971714695 | DG39: 178103 | DH39: even | DI39: cMahea7zqjxrtgAbB7LSGbcQUr1uX1ojuat9jZqYrhMm95dutNwH | DJ39: mwhqTsFDyAcHKgQeybWhGGRDT3ECguZacz | DK39: tb1qkxgw94qvlhhw9nhqw22552lgnea68ymys6yf4w | DL39: bc1pu2s67n9enenmac35w9r53gvfjm7e659pq7egrg2fg6qzysplxpesp2ycjd | DM39: e2a1af4cb99e67bee234714748a18996fd9d50a107b281a149468022403f3073 | DN39: T33ydQRKp4FCW5LCLLUB7deioUMoveiwekdwUx1avYsvQE4vKL1Q | DO39: LbQqS2U5EoR5oNdCSAXciNGeoFzmug7eTW | DP39: ltc1qkxgw94qvlhhw9nhqw22552lgnea68ymy7q97kd | DQ39: QNcdLVw8fHkixm6NNyN6nVwxKek4u7qrioRbQmmt5wK7LGUzPJGb | DR39: DMKyi56tTZ5K5a7dzcXsz7NVUBMo2aAoaL | DS39: A8Bg4eN3HL7Ms44RnCQUcC8/UYGollJTiFHS44hr3XDG | DT39: {=IF(B39="","",_xlfn.TEXTJOIN("",,HEX2BIN(MID(BQ39,_xlfn.SEQUENCE(40),1),4)))} -> 1101101001001111111000011001000111110101100100101010100111101000110010110100101110110001111000001011100101101101010100100000100010010001111010001010000111111011
A40: 39 | B40: 4b5f8303e9 | C40: 100101101011111100000110000001111101001 | D40: 323724968937 | E40: 48847061993 | F40: 0.17770458 | G40: 20 | H40: 0 | I40: 110100101100111101011001010111100111001 | J40: 23 | K40: 10231133200300033221 | L40: 4553740601751 | M40: 9dfo60v9 | N40: 100101111100000011000001111110101101001 | O40: 325886999913 | P40: 110111011110000010000101000001000011101 | Q40: 111010010100000011111001111110000010110 | R40: 226030844950 | S40: e903835f4b000000000000000000000000000000000000000000000000000000 | T40: 2.2026372 | U40: 0.51282051 | V40: KwDiBf89QgGbjEhKnhXJuH7LrciVrZi3qYjgd9RMTSCcQzX3EjMZ | W40: 5HpHagT65TZzG1PH3CSu63k8DbpvD8s5ip4nEB4htJVTbuNiGA1 | X40: AAAAAAAAAAAAAAAAAAAAAAAAAAAAAAAAAAAAS1+DA+k= | Y40: 0000101100110000010011110010101001111001101000000010011100100111000000100111011001010011001111111110000111101101010011101111111100110000100100010000100001110110 | Z40: 20 | AA40: 21 | AB40: 79 | AC40: 0.16012815 | AD40: 0.48038446 | AE40: 12 | AF40: 63 | AG40: 9 | AH40: 739869427323 | AI40: 38.235978 | AJ40: 35.507553 | AK40: 001011010111111000001100000011111010011 | AL40: 110010110101111110000011000000111110100 | AM40: 011010010100000011111001111110000010110 | AN40: 6 | AO40: 6 | AP40: 17 | AQ40: 1x1,0x2,1x1,0x1,1x2,0x1,1x1,0x1,1x6,0x5,1x2,0x6,1x5,0x1,1x1,0x2,1x1 | AR40: 9 | AS40: 3 | AT40: 0:1 3:2 4:1 5:1 8:1 9:1 b:1 e:1 f:1 | AU40: 0 | AV40: 2 | AW40: 6 | AX40: 7 | AY40: 233 | AZ40: 1001 | BA40: 176753432345 | BB40: 29781895753 | BC40: 323724968938 | BD40: 323724968936 | BE40: 0x00 00 00 00 00 00 00 00 00 00 00 00 00 00 00 00 00 00 00 00 00 00 00 00 00 00 00 4b 5f 83 03 e9 | BF40: 0,0,0,0,0,0,0,0,0,0,0,0,0,0,0,0,0,0,0,0,0,0,0,0,0,0,0,75,95,131,3,233 | BG40: ...........................K_... | BH40: 95.131.3.233 | BJ40: 44pthko9 | BK40: AAAAAAAAAAAAAAAAAAAAAAAAAAAAAAAAAAAAAAAAAAAEWX4DAPUQ==== | BL40: AAAAAAAAAAAAAAAAAAAAAAAAAAAAAAAAAAAAS1-DA-k | BM40: fffffffffffffffffffffffffffffffebaaedce6af48a03bbfd25e4170b33d58 | BN40: 2d77cd1467019a6bf28f7375d0949ce30e6b5815c2758b98a74c2700bc006543 | BO40: 35c003eaea2e33c7ced258f506f57f8dbd90636cbf24e91c9729e5833050d06e | BP40: 042d77cd1467019a6bf28f7375d0949ce30e6b5815c2758b98a74c2700bc00654335c003eaea2e33c7ced258f506f57f8dbd90636cbf24e91c9729e5833050d06e | BQ40: 81fe733d04b5ae3fa8ffb5a0c352a2eee8ba3e1b | BR40: 1CrLzFeL6MUgSnuZ5XRsJvyTxLLVvupVwg | BS40: 33fo3VXeRWptXsVxhG62pMo8r6k3fUM49S | BT40: bc1qpvcy72ne5qnjwqnk2vl7rm2wlucfzzrkj772zw | BU40: 2.7957434e-66 | BV40: 0010110101110111110011010001010001100111000000011001101001101011111100101000111101110011011101011101000010010100100111001110001100001110011010110101100000010101110000100111010110001011100110001010011101001100001001110000000010111100000000000110010101000011 | BW40: 20 | BX40: 21 | BY40: 0.16012815 | BZ40: 0.48038446 | CA40: =IF(B40="","",IF(A40<8,"",_xlfn.LET(_xlpm.n,A40,_xlpm.k,G40,_xlpm.R,AP40,_xlpm.mu,1+2*_xlpm.k*(_xlpm.n-_xlpm.k)/_xlpm.n,_xlpm.v,2*_xlpm.k*(_xlpm.n-_xlpm.k)*(2*_xlpm.k*(_xlpm.n-_xlpm.k)-_xlpm.n)/(_xlpm.n^2*(_xlpm.n-1)),IF(_xlpm.v<=0,"",(_xlpm.R-_xlpm.mu)/SQRT(_xlpm.v))))) -> -1.1325471 | CB40: {=IF(B40="","",IF(A40<8,"",_xlfn.LET(_xlpm.b,--MID(C40,_xlfn.SEQUENCE(A40-1),1),_xlpm.c,--MID(C40,_xlfn.SEQUENCE(A40-1,,2),1),IFERROR(CORREL(_xlpm.b,_xlpm.c),""))))} -> 0.15789474 | CC40: =IF(B40="","",LOG(A40,2)) -> 5.2854022 | CD40: =IF(B40="","",MAX(AN40,AO40)-CC40) -> 0.71459778 | CE40: {=IF(B40="","",IF(LEN(B40)<16,"",_xlfn.LET(_xlpm.d,MID("0123456789abcdef",_xlfn.SEQUENCE(16),1),_xlpm.c,LEN(B40)-LEN(SUBSTITUTE(B40,_xlpm.d,"")),_xlpm.ex,LEN(B40)/16,SUM((_xlpm.c-_xlpm.ex)^2/_xlpm.ex))))} | CF40: =IF(CE40="","",_xlfn.CHISQ.DIST.RT(CE40,15)) | CG40: {=IF(OR(B40="",B39=""),"",_xlfn.LET(_xlpm.a,C40,_xlpm.b,REPT("0",A40-LEN(C39))&C39,_xlpm.m,MID(_xlpm.a,_xlfn.SEQUENCE(A40),1)=MID(_xlpm.b,_xlfn.SEQUENCE(A40),1),IFERROR(MATCH(FALSE,_xlpm.m,0)-1,A40)))} -> 0 | CH40: {=IF(OR(B40="",B39=""),"",_xlfn.LET(_xlpm.a,C40,_xlpm.b,REPT("0",A40-LEN(C39))&C39,_xlpm.n,A40,_xlpm.m,MID(_xlpm.a,_xlfn.SEQUENCE(_xlpm.n,,_xlpm.n,-1),1)=MID(_xlpm.b,_xlfn.SEQUENCE(_xlpm.n,,_xlpm.n,-1),1),IFERROR(MATCH(FALSE,_xlpm.m,0)-1,_xlpm.n)))} -> 0 | CI40: =IF(OR(B40="",B39=""),"",F40-F39) -> 0.10834591 | CJ40: =IF(OR(B40="",B39=""),"",IFERROR(FIND(B39,B40)>0,FALSE)) -> FALSE | CK40: =IF(OR(B40="",B39=""),"",IFERROR(FIND(C39,C40)>0,FALSE)) -> FALSE | CL40: =IF(OR(B40="",B39=""),"",IFERROR(FIND(C39,C40),"")) | CM40: {=IF(OR(B40="",B39=""),"",_xlfn.LET(_xlpm.pv,D39,_xlpm.ra,BIGSUB(D40,_xlpm.pv),_xlpm.rb,BIGSUB(_xlpm.ra,_xlpm.pv),_xlpm.rc,BIGSUB(_xlpm.rb,_xlpm.pv),IF(LEFT(_xlpm.rb,1)="-",_xlpm.ra,IF(LEFT(_xlpm.rc,1)="-",_xlpm.rb,_xlpm.rc))))} -> 29781895753 | CN40: =IF(B40="","",F40-0.5) -> -0.32229542 | CO40: {=IF(B40="","",_xlfn.TEXTJOIN("",,MID(B40,_xlfn.SEQUENCE(LEN(B40),,LEN(B40),-1),1)))} -> 9e3038f5b4 | CP40: {=IF(B40="","",BASE2DEC(CO40,16))} -> 679413872052 | CQ40: =IF(B40="","",IF(AND(LEN(B40)<16,LEN(B40)=LEN(SUBSTITUTE(SUBSTITUTE(SUBSTITUTE(SUBSTITUTE(SUBSTITUTE(SUBSTITUTE(B40,"a",""),"b",""),"c",""),"d",""),"e",""),"f",""))),--B40,"")) | CR40: {=IF(B40="","",IF(LEN(D40)<=15,BASE2DEC(D40,16),""))} -> 55212418435383 | CS40: {=IF(B40="","",_xlfn.LET(_xlpm.p,REPT("0",MOD(-LEN(B40),4))&B40,_xlfn.TEXTJOIN(" ",,MID(_xlpm.p,_xlfn.SEQUENCE(LEN(_xlpm.p)/4,,1,4),4))))} -> 004b 5f83 03e9 | CT40: {=IF(B40="","",UPPER(_xlfn.LET(_xlpm.p,REPT("0",64-LEN(B40))&B40,_xlfn.TEXTJOIN(" ",,MID(_xlpm.p,_xlfn.SEQUENCE(8,,1,8),8)))))} -> 00000000 00000000 00000000 00000000 00000000 00000000 0000004B 5F8303E9 | CU40: {=IF(B40="","",IF(LEN(D40)<=6,_xlfn.LET(_xlpm.n,VALUE(D40),_xlpm.ones,{"","one","two","three","four","five","six","seven","eight","nine","ten","eleven","twelve","thirteen","fourteen","fifteen","sixteen","seventeen","eighteen","nineteen"},_xlpm.tens,{"","","twenty","thirty","forty","fifty","sixty","seventy","eighty","ninety"},_xlpm.f,_xlfn.LAMBDA(_xlpm.x,TRIM(IF(_xlpm.x>=100,INDEX(_xlpm.ones,INT(_xlpm.x/100)+1)&" hundred ","")&IF(MOD(_xlpm.x,100)<20,INDEX(_xlpm.ones,MOD(_xlpm.x,100)+1),INDEX(_xlpm.tens,INT(MOD(_xlpm.x,100)/10)+1)&IF(MOD(_xlpm.x,10)>0,"-"&INDEX(_xlpm.ones,MOD(_xlpm.x,10)+1),"")))),TRIM(IF(_xlpm.n>=1000,_xlpm.f(INT(_xlpm.n/1000))&" thousand ","")&IF(MOD(_xlpm.n,1000)>0,_xlpm.f(MOD(_xlpm.n,1000)),""))),""))} | CV40: no | CW40: 3 | CX40: 3 | CY40: 3 × 138319 × 260047 | CZ40: no | DA40: no | DB40: 38 | DC40: 48847061993 above 2^38 | DD40: 365435296162 | DE40: 41710327225 | DF40: 323724776403 | DG40: 192534 | DH40: odd | DI40: cMahea7zqjxrtgAbB7LSGbcQUr1uX1ojuat9jZsrxYrcfjZYhteH | DJ40: mgY7bkQK3hBVxgjnLh3CAjE5XDifHnMNLG | DK40: tb1qpvcy72ne5qnjwqnk2vl7rm2wlucfzzrkcc9eea | DL40: bc1pvgw48wjpmwf8942v7cnut8jqf498ljnkm7nnprvuxzz8hw66l4aq2g7eep | DM40: 621d53ba41db9272d54cf627c59e404d4a7fca76dfa7308d9c30847bbb5afd7a | DN40: T33ydQRKp4FCW5LCLLUB7deioUMoveiwekdwUx3u2QNmvsyyBguU | DO40: LLF7ZudAKKzJSNxKoG47cq5WsSVES31LDA | DP40: ltc1qpvcy72ne5qnjwqnk2vl7rm2wlucfzzrkkzyw67 | DQ40: QNcdLVw8fHkixm6NNyN6nVwxKek4u7qrioRbQmpCBnoxrvUYRm9g | DR40: D6AFqxFyY5eXiaSmMi4NtaBMYMrFboyb5h | DS40: Ai13zRRnAZpr8o9zddCUnOMOa1gVwnWLmKdMJwC8AGVD | DT40: {=IF(B40="","",_xlfn.TEXTJOIN("",,HEX2BIN(MID(BQ40,_xlfn.SEQUENCE(40),1),4)))} -> 1000000111111110011100110011110100000100101101011010111000111111101010001111111110110101101000001100001101010010101000101110111011101000101110100011111000011011
A41: 40 | B41: e9ae4933d6 | C41: 1110100110101110010010010011001111010110 | D41: 1003651412950 | E41: 453895599062 | F41: 0.82563129 | G41: 22 | H41: 1 | I41: 1010001011110001110010100011000000111111 | J41: 20 | K41: 32212232102103033112 | L41: 16465622231726 | M41: t6n4icum | N41: 0110101111001100100100100111010110010111 | O41: 462993651095 | P41: 1001110101111001011011011010101000111101 | Q41: 1001011001010001101101101100110000101001 | R41: 95860214825 | S41: d63349aee9000000000000000000000000000000000000000000000000000000 | T41: 3.1003213 | U41: 0.55 | V41: KwDiBf89QgGbjEhKnhXJuH7LrciVrZi3qYjgd9aFJuCJDo5F6Jm7 | W41: 5HpHagT65TZzG1PH3CSu63k8DbpvD8s5ip4nEB6ikvy2duGEu2D | X41: AAAAAAAAAAAAAAAAAAAAAAAAAAAAAAAAAAAA6a5JM9Y= | Y41: 1001010110100001010101101100110100100001101101001010011010011101111010010110100111101011011001110001011010000110010011110100110010001011100000101010100000101010 | Z41: 23 | AA41: 28 | AB41: 85 | AC41: 0.9486833 | AD41: 2.5298221 | AE41: 13 | AF41: 37 | AG41: 1 | AH41: 0592141563001 | AI41: 39.868395 | AJ41: 38.72357 | AK41: 1101001101011100100100100110011110101101 | AL41: 0111010011010111001001001001100111101011 | AM41: 0001011001010001101101101100110000101001 | AN41: 2 | AO41: 4 | AP41: 24 | AQ41: 1x3,0x1,1x1,0x2,1x2,0x1,1x1,0x1,1x3,0x2,1x1,0x2,1x1,0x2,1x1,0x2,1x2,0x2,1x4,0x1,1x1,0x1,1x2,0x1 | AR41: 7 | AS41: 3 | AT41: 3:2 4:1 6:1 9:2 a:1 d:1 e:2 | AU41: 1 | AV41: 0 | AW41: 4 | AX41: 10 | AY41: 214 | AZ41: 13270 | BA41: 679926444013 | BB41: 356201475076 | BC41: 1003651412951 | BD41: 1003651412949 | BE41: 0x00 00 00 00 00 00 00 00 00 00 00 00 00 00 00 00 00 00 00 00 00 00 00 00 00 00 00 e9 ae 49 33 d6 | BF41: 0,0,0,0,0,0,0,0,0,0,0,0,0,0,0,0,0,0,0,0,0,0,0,0,0,0,0,233,174,73,51,214 | BG41: .............................I3. | BH41: 174.73.51.214 | BJ41: ct2k4yja | BK41: AAAAAAAAAAAAAAAAAAAAAAAAAAAAAAAAAAAAAAAAAAAOTLSJGPLA==== | BL41: AAAAAAAAAAAAAAAAAAAAAAAAAAAAAAAAAAAA6a5JM9Y | BM41: fffffffffffffffffffffffffffffffebaaedce6af48a03bbfd25da321ed0d6b | BN41: a2efa402fd5268400c77c20e574ba86409ededee7c4020e4b9f0edbee53de0d4 | BO41: 7ba1a987013e78aef5295bf842749bdf97e25336a82458bbaba8c00d16a79ea7 | BP41: 04a2efa402fd5268400c77c20e574ba86409ededee7c4020e4b9f0edbee53de0d47ba1a987013e78aef5295bf842749bdf97e25336a82458bbaba8c00d16a79ea7 | BQ41: 99a77938b448f7519a16fc4f8a6e6468b7e2b4ff | BR41: 1F1T1cdb6xkwCua6m3TKgASXUEq2PsECBn | BS41: 33o13pNkNLtfTvUiDWWPQmtszxPJtcd75s | BT41: bc1qjks4dnfpkjnfm6tfadn3dpj0fj9c92p2pq8jdc | BU41: 8.6677028e-66 | BV41: 1010001011101111101001000000001011111101010100100110100001000000000011000111011111000010000011100101011101001011101010000110010000001001111011011110110111101110011111000100000000100000111001001011100111110000111011011011111011100101001111011110000011010100 | BW41: 19 | BX41: 19 | BY41: -0.31622777 | BZ41: -0.31622777 | CA41: =IF(B41="","",IF(A41<8,"",_xlfn.LET(_xlpm.n,A41,_xlpm.k,G41,_xlpm.R,AP41,_xlpm.mu,1+2*_xlpm.k*(_xlpm.n-_xlpm.k)/_xlpm.n,_xlpm.v,2*_xlpm.k*(_xlpm.n-_xlpm.k)*(2*_xlpm.k*(_xlpm.n-_xlpm.k)-_xlpm.n)/(_xlpm.n^2*(_xlpm.n-1)),IF(_xlpm.v<=0,"",(_xlpm.R-_xlpm.mu)/SQRT(_xlpm.v))))) -> 1.0357877 | CB41: {=IF(B41="","",IF(A41<8,"",_xlfn.LET(_xlpm.b,--MID(C41,_xlfn.SEQUENCE(A41-1),1),_xlpm.c,--MID(C41,_xlfn.SEQUENCE(A41-1,,2),1),IFERROR(CORREL(_xlpm.b,_xlpm.c),""))))} -> -0.19149207 | CC41: =IF(B41="","",LOG(A41,2)) -> 5.3219281 | CD41: =IF(B41="","",MAX(AN41,AO41)-CC41) -> -1.3219281 | CE41: {=IF(B41="","",IF(LEN(B41)<16,"",_xlfn.LET(_xlpm.d,MID("0123456789abcdef",_xlfn.SEQUENCE(16),1),_xlpm.c,LEN(B41)-LEN(SUBSTITUTE(B41,_xlpm.d,"")),_xlpm.ex,LEN(B41)/16,SUM((_xlpm.c-_xlpm.ex)^2/_xlpm.ex))))} | CF41: =IF(CE41="","",_xlfn.CHISQ.DIST.RT(CE41,15)) | CG41: {=IF(OR(B41="",B40=""),"",_xlfn.LET(_xlpm.a,C41,_xlpm.b,REPT("0",A41-LEN(C40))&C40,_xlpm.m,MID(_xlpm.a,_xlfn.SEQUENCE(A41),1)=MID(_xlpm.b,_xlfn.SEQUENCE(A41),1),IFERROR(MATCH(FALSE,_xlpm.m,0)-1,A41)))} -> 0 | CH41: {=IF(OR(B41="",B40=""),"",_xlfn.LET(_xlpm.a,C41,_xlpm.b,REPT("0",A41-LEN(C40))&C40,_xlpm.n,A41,_xlpm.m,MID(_xlpm.a,_xlfn.SEQUENCE(_xlpm.n,,_xlpm.n,-1),1)=MID(_xlpm.b,_xlfn.SEQUENCE(_xlpm.n,,_xlpm.n,-1),1),IFERROR(MATCH(FALSE,_xlpm.m,0)-1,_xlpm.n)))} -> 0 | CI41: =IF(OR(B41="",B40=""),"",F41-F40) -> 0.64792671 | CJ41: =IF(OR(B41="",B40=""),"",IFERROR(FIND(B40,B41)>0,FALSE)) -> FALSE | CK41: =IF(OR(B41="",B40=""),"",IFERROR(FIND(C40,C41)>0,FALSE)) -> FALSE | CL41: =IF(OR(B41="",B40=""),"",IFERROR(FIND(C40,C41),"")) | CM41: {=IF(OR(B41="",B40=""),"",_xlfn.LET(_xlpm.pv,D40,_xlpm.ra,BIGSUB(D41,_xlpm.pv),_xlpm.rb,BIGSUB(_xlpm.ra,_xlpm.pv),_xlpm.rc,BIGSUB(_xlpm.rb,_xlpm.pv),IF(LEFT(_xlpm.rb,1)="-",_xlpm.ra,IF(LEFT(_xlpm.rc,1)="-",_xlpm.rb,_xlpm.rc))))} -> 32476506139 | CN41: =IF(B41="","",F41-0.5) -> 0.32563129 | CO41: {=IF(B41="","",_xlfn.TEXTJOIN("",,MID(B41,_xlfn.SEQUENCE(LEN(B41),,LEN(B41),-1),1)))} -> 6d3394ea9e | CP41: {=IF(B41="","",BASE2DEC(CO41,16))} -> 469016832670 | CQ41: =IF(B41="","",IF(AND(LEN(B41)<16,LEN(B41)=LEN(SUBSTITUTE(SUBSTITUTE(SUBSTITUTE(SUBSTITUTE(SUBSTITUTE(SUBSTITUTE(B41,"a",""),"b",""),"c",""),"d",""),"e",""),"f",""))),--B41,"")) | CR41: {=IF(B41="","",IF(LEN(D41)<=15,BASE2DEC(D41,16),""))} -> 281708268169552 | CS41: {=IF(B41="","",_xlfn.LET(_xlpm.p,REPT("0",MOD(-LEN(B41),4))&B41,_xlfn.TEXTJOIN(" ",,MID(_xlpm.p,_xlfn.SEQUENCE(LEN(_xlpm.p)/4,,1,4),4))))} -> 00e9 ae49 33d6 | CT41: {=IF(B41="","",UPPER(_xlfn.LET(_xlpm.p,REPT("0",64-LEN(B41))&B41,_xlfn.TEXTJOIN(" ",,MID(_xlpm.p,_xlfn.SEQUENCE(8,,1,8),8)))))} -> 00000000 00000000 00000000 00000000 00000000 00000000 000000E9 AE4933D6 | CU41: {=IF(B41="","",IF(LEN(D41)<=6,_xlfn.LET(_xlpm.n,VALUE(D41),_xlpm.ones,{"","one","two","three","four","five","six","seven","eight","nine","ten","eleven","twelve","thirteen","fourteen","fifteen","sixteen","seventeen","eighteen","nineteen"},_xlpm.tens,{"","","twenty","thirty","forty","fifty","sixty","seventy","eighty","ninety"},_xlpm.f,_xlfn.LAMBDA(_xlpm.x,TRIM(IF(_xlpm.x>=100,INDEX(_xlpm.ones,INT(_xlpm.x/100)+1)&" hundred ","")&IF(MOD(_xlpm.x,100)<20,INDEX(_xlpm.ones,MOD(_xlpm.x,100)+1),INDEX(_xlpm.tens,INT(MOD(_xlpm.x,100)/10)+1)&IF(MOD(_xlpm.x,10)>0,"-"&INDEX(_xlpm.ones,MOD(_xlpm.x,10)+1),"")))),TRIM(IF(_xlpm.n>=1000,_xlpm.f(INT(_xlpm.n/1000))&" thousand ","")&IF(MOD(_xlpm.n,1000)>0,_xlpm.f(MOD(_xlpm.n,1000)),""))),""))} | CV41: no | CW41: 2 | CX41: 3 | CY41: 2 × 5 × 20073028259 | CZ41: no | DA41: no | DB41: 40 | DC41: 95860214826 below 2^40 | DD41: 956722026041 | DE41: 46929386909 | DF41: 1003651910821 | DG41: 497871 | DH41: even | DI41: cMahea7zqjxrtgAbB7LSGbcQUr1uX1ojuat9ja2kp1rJUY6fdU8H | DJ41: muA8Ffupz3q4yuKen4dwTB55LWWfsp3b4h | DK41: tb1qjks4dnfpkjnfm6tfadn3dpj0fj9c92p2txupkt | DL41: bc1psqkycmtur8097mk0rt5yt64jy57rxqmy8jkr5h3z8ky4ejn4urxs7gjpcs | DM41: 802c4c6d7c19de5f6ecf1ae845eab2253c3303643cac3a5e223d895cca75e0cd | DN41: T33ydQRKp4FCW5LCLLUB7deioUMoveiwekdwUxCnssNTjgZomQ82 | DO41: LYs8Dq8gFgdsTbYCEderuGvWgjHF8eetxv | DP41: ltc1qjks4dnfpkjnfm6tfadn3dpj0fj9c92p29uak4g | DQ41: QNcdLVw8fHkixm6NNyN6nVwxKek4u7qrioRbQmy63Foefiz8Lx3G | DR41: DJnGVsmVUSJ6jo2do5f8B22MMeeGK4EHdG | DS41: A6LvpAL9UmhADHfCDldLqGQJ7e3ufEAg5Lnw7b7lPeDU | DT41: {=IF(B41="","",_xlfn.TEXTJOIN("",,HEX2BIN(MID(BQ41,_xlfn.SEQUENCE(40),1),4)))} -> 1001100110100111011110010011100010110100010010001111011101010001100110100001011011111100010011111000101001101110011001000110100010110111111000101011010011111111
